,index,description,alpha,dir_name,num_snps_found,num_coding_snps_found,num_overlapping_snps,num_overlapping_loci,num_original_list,num_original_coding_snps,p_value_threshold,percentage_loci_recovered,ld_based_clumping,r2_threshold,kb_radius,window_size
0,0,Albumin,0.5,biomarkers-30600-both_sexes-irnt.tsv,870,173,419,949,975,103,1.6275493989809664e-07,0.9733333333333334,True,0.2,500,
1,0,Albumin,1.0,biomarkers-30600-both_sexes-irnt.tsv,774,241,252,925,975,103,2.789903620832749e-07,0.9487179487179488,True,0.2,500,
2,0,Albumin,1.5,biomarkers-30600-both_sexes-irnt.tsv,712,289,186,907,975,103,3.859523221562612e-07,0.9302564102564104,True,0.2,500,
3,0,Albumin,2.0,biomarkers-30600-both_sexes-irnt.tsv,662,321,160,891,975,103,4.870654050466869e-07,0.913846153846154,True,0.2,500,
4,0,Albumin,2.5,biomarkers-30600-both_sexes-irnt.tsv,626,352,137,872,975,103,5.848156145832712e-07,0.8943589743589744,True,0.2,500,
5,0,Albumin,3.0,biomarkers-30600-both_sexes-irnt.tsv,609,379,125,864,975,103,6.797095278235249e-07,0.8861538461538462,True,0.2,500,
6,1,Alkaline phosphatase,0.5,biomarkers-30610-both_sexes-irnt.tsv,2432,367,1223,2804,2854,228,1.537384358752837e-07,0.9824807288016818,True,0.2,500,
7,1,Alkaline phosphatase,1.0,biomarkers-30610-both_sexes-irnt.tsv,2024,515,720,2760,2854,228,2.581690465261291e-07,0.9670637701471618,True,0.2,500,
8,1,Alkaline phosphatase,1.5,biomarkers-30610-both_sexes-irnt.tsv,1766,602,523,2740,2854,228,3.523446611468407e-07,0.9600560616678346,True,0.2,500,
9,1,Alkaline phosphatase,2.0,biomarkers-30610-both_sexes-irnt.tsv,1641,692,428,2709,2854,228,4.39015455876165e-07,0.9491941135248774,True,0.2,500,
10,1,Alkaline phosphatase,2.5,biomarkers-30610-both_sexes-irnt.tsv,1550,759,372,2694,2854,228,5.21333661580824e-07,0.943938332165382,True,0.2,500,
11,1,Alkaline phosphatase,3.0,biomarkers-30610-both_sexes-irnt.tsv,1493,804,343,2673,2854,228,6.013633600857221e-07,0.9365802382620882,True,0.2,500,
12,2,Alanine aminotransferase,0.5,biomarkers-30620-both_sexes-irnt.tsv,875,156,408,961,983,85,1.6275530757639626e-07,0.9776195320447608,True,0.2,500,
13,2,Alanine aminotransferase,1.0,biomarkers-30620-both_sexes-irnt.tsv,769,231,256,945,983,85,2.7899137267675305e-07,0.9613428280773144,True,0.2,500,
14,2,Alanine aminotransferase,1.5,biomarkers-30620-both_sexes-irnt.tsv,727,283,200,936,983,85,3.859539946833316e-07,0.9521871820956256,True,0.2,500,
15,2,Alanine aminotransferase,2.0,biomarkers-30620-both_sexes-irnt.tsv,702,314,178,928,983,85,4.870675157480046e-07,0.9440488301119024,True,0.2,500,
16,2,Alanine aminotransferase,2.5,biomarkers-30620-both_sexes-irnt.tsv,652,335,158,917,983,85,5.848181488858013e-07,0.9328585961342828,True,0.2,500,
17,2,Alanine aminotransferase,3.0,biomarkers-30620-both_sexes-irnt.tsv,641,358,142,910,983,85,6.797124733494874e-07,0.9257375381485248,True,0.2,500,
18,3,Apolipoprotein A,0.5,biomarkers-30630-both_sexes-irnt.tsv,1492,253,738,1712,1765,148,1.690542635224581e-07,0.969971671388102,True,0.2,500,
19,3,Apolipoprotein A,1.0,biomarkers-30630-both_sexes-irnt.tsv,1233,349,404,1669,1765,148,2.903045415908205e-07,0.9456090651558072,True,0.2,500,
20,3,Apolipoprotein A,1.5,biomarkers-30630-both_sexes-irnt.tsv,1122,433,307,1649,1765,148,4.015148537300538e-07,0.9342776203966006,True,0.2,500,
21,3,Apolipoprotein A,2.0,biomarkers-30630-both_sexes-irnt.tsv,1034,483,260,1631,1765,148,5.068415669765266e-07,0.9240793201133144,True,0.2,500,
22,3,Apolipoprotein A,2.5,biomarkers-30630-both_sexes-irnt.tsv,975,521,237,1612,1765,148,6.082358163245527e-07,0.913314447592068,True,0.2,500,
23,3,Apolipoprotein A,3.0,biomarkers-30630-both_sexes-irnt.tsv,942,552,215,1595,1765,148,7.065149473775219e-07,0.9036827195467422,True,0.2,500,
24,4,Apolipoprotein B,0.5,biomarkers-30640-both_sexes-irnt.tsv,1001,206,435,1251,1281,97,2.071931057393898e-07,0.9765807962529274,True,0.2,500,
25,4,Apolipoprotein B,1.0,biomarkers-30640-both_sexes-irnt.tsv,824,295,235,1242,1281,97,3.597418445803777e-07,0.9695550351288056,True,0.2,500,
26,4,Apolipoprotein B,1.5,biomarkers-30640-both_sexes-irnt.tsv,745,356,182,1229,1281,97,4.958649337024256e-07,0.959406713505074,True,0.2,500,
27,4,Apolipoprotein B,2.0,biomarkers-30640-both_sexes-irnt.tsv,692,382,154,1213,1281,97,6.192133274299546e-07,0.9469164715066356,True,0.2,500,
28,4,Apolipoprotein B,2.5,biomarkers-30640-both_sexes-irnt.tsv,665,409,143,1206,1281,97,7.321226115348044e-07,0.9414519906323184,True,0.2,500,
29,4,Apolipoprotein B,3.0,biomarkers-30640-both_sexes-irnt.tsv,649,436,135,1203,1281,97,8.354307287191167e-07,0.9391100702576112,True,0.2,500,
30,7,Urea,0.5,biomarkers-30670-both_sexes-irnt.tsv,645,82,309,684,705,53,1.4890926845192397e-07,0.9702127659574468,True,0.2,500,
31,7,Urea,1.0,biomarkers-30670-both_sexes-irnt.tsv,590,138,175,671,705,53,2.516928591661665e-07,0.95177304964539,True,0.2,500,
32,7,Urea,1.5,biomarkers-30670-both_sexes-irnt.tsv,513,174,122,639,705,53,3.405297263044591e-07,0.9063829787234042,True,0.2,500,
33,7,Urea,2.0,biomarkers-30670-both_sexes-irnt.tsv,480,196,104,627,705,53,4.250337903540796e-07,0.8893617021276595,True,0.2,500,
34,7,Urea,2.5,biomarkers-30670-both_sexes-irnt.tsv,453,215,93,605,705,53,5.100018135713641e-07,0.8581560283687943,True,0.2,500,
35,7,Urea,3.0,biomarkers-30670-both_sexes-irnt.tsv,438,232,79,587,705,53,5.965712943130157e-07,0.8326241134751773,True,0.2,500,
36,8,Calcium,0.5,biomarkers-30680-both_sexes-irnt.tsv,748,146,309,881,908,72,1.555201666950121e-07,0.9702643171806168,True,0.2,500,
37,8,Calcium,1.0,biomarkers-30680-both_sexes-irnt.tsv,672,207,192,862,908,72,2.495444591635351e-07,0.9493392070484582,True,0.2,500,
38,8,Calcium,1.5,biomarkers-30680-both_sexes-irnt.tsv,634,249,148,856,908,72,3.2598379853241974e-07,0.9427312775330396,True,0.2,500,
39,8,Calcium,2.0,biomarkers-30680-both_sexes-irnt.tsv,610,278,129,843,908,72,3.951202708990957e-07,0.9284140969162996,True,0.2,500,
40,8,Calcium,2.5,biomarkers-30680-both_sexes-irnt.tsv,588,308,110,831,908,72,4.614301568341693e-07,0.9151982378854624,True,0.2,500,
41,8,Calcium,3.0,biomarkers-30680-both_sexes-irnt.tsv,566,333,98,822,908,72,5.273844197275102e-07,0.9052863436123348,True,0.2,500,
42,9,Cholesterol,0.5,biomarkers-30690-both_sexes-irnt.tsv,1096,212,527,1272,1295,118,1.590732525329774e-07,0.9822393822393822,True,0.2,500,
43,9,Cholesterol,1.0,biomarkers-30690-both_sexes-irnt.tsv,944,300,281,1255,1295,118,2.6594926544139104e-07,0.9691119691119692,True,0.2,500,
44,9,Cholesterol,1.5,biomarkers-30690-both_sexes-irnt.tsv,865,357,220,1249,1295,118,3.572936955267435e-07,0.9644787644787643,True,0.2,500,
45,9,Cholesterol,2.0,biomarkers-30690-both_sexes-irnt.tsv,814,397,183,1238,1295,118,4.4094188644803923e-07,0.955984555984556,True,0.2,500,
46,9,Cholesterol,2.5,biomarkers-30690-both_sexes-irnt.tsv,764,437,162,1230,1295,118,5.216882466642596e-07,0.9498069498069498,True,0.2,500,
47,9,Cholesterol,3.0,biomarkers-30690-both_sexes-irnt.tsv,742,456,150,1224,1295,118,6.01698602864825e-07,0.9451737451737452,True,0.2,500,
48,10,Creatinine,0.5,biomarkers-30700-both_sexes-irnt.tsv,1754,333,692,2008,2050,155,1.7398442763164024e-07,0.9795121951219512,True,0.2,500,
49,10,Creatinine,1.0,biomarkers-30700-both_sexes-irnt.tsv,1528,463,408,1963,2050,155,2.8305036256719213e-07,0.957560975609756,True,0.2,500,
50,10,Creatinine,1.5,biomarkers-30700-both_sexes-irnt.tsv,1445,557,325,1937,2050,155,3.747739067922302e-07,0.9448780487804878,True,0.2,500,
51,10,Creatinine,2.0,biomarkers-30700-both_sexes-irnt.tsv,1351,618,277,1908,2050,155,4.61733523773541e-07,0.9307317073170732,True,0.2,500,
52,10,Creatinine,2.5,biomarkers-30700-both_sexes-irnt.tsv,1294,678,240,1894,2050,155,5.47788284709296e-07,0.9239024390243904,True,0.2,500,
53,10,Creatinine,3.0,biomarkers-30700-both_sexes-irnt.tsv,1249,714,222,1878,2050,155,6.33525644234791e-07,0.9160975609756098,True,0.2,500,
54,11,C-reactive protein,0.5,biomarkers-30710-both_sexes-irnt.tsv,1163,206,503,1395,1442,110,1.846274446591067e-07,0.9674063800277392,True,0.2,500,
55,11,C-reactive protein,1.0,biomarkers-30710-both_sexes-irnt.tsv,1004,306,294,1375,1442,110,3.1979224578834185e-07,0.9535367545076284,True,0.2,500,
56,11,C-reactive protein,1.5,biomarkers-30710-both_sexes-irnt.tsv,882,382,218,1345,1442,110,4.46608091331302e-07,0.932732316227462,True,0.2,500,
57,11,C-reactive protein,2.0,biomarkers-30710-both_sexes-irnt.tsv,821,439,178,1321,1442,110,5.686865417845711e-07,0.9160887656033287,True,0.2,500,
58,11,C-reactive protein,2.5,biomarkers-30710-both_sexes-irnt.tsv,794,485,154,1308,1442,110,6.869316699382399e-07,0.9070735090152566,True,0.2,500,
59,11,C-reactive protein,3.0,biomarkers-30710-both_sexes-irnt.tsv,769,511,141,1294,1442,110,8.003027960051531e-07,0.897364771151179,True,0.2,500,
60,12,Cystatin C,0.5,biomarkers-30720-both_sexes-irnt.tsv,1852,416,617,2230,2337,184,1.972754007488339e-07,0.9542148053059478,True,0.2,500,
61,12,Cystatin C,1.0,biomarkers-30720-both_sexes-irnt.tsv,1649,556,413,2181,2337,184,3.1462868524714145e-07,0.9332477535301668,True,0.2,500,
62,12,Cystatin C,1.5,biomarkers-30720-both_sexes-irnt.tsv,1510,636,326,2142,2337,184,4.138939736994256e-07,0.9165596919127086,True,0.2,500,
63,12,Cystatin C,2.0,biomarkers-30720-both_sexes-irnt.tsv,1430,685,275,2115,2337,184,5.067938667005998e-07,0.9050064184852374,True,0.2,500,
64,12,Cystatin C,2.5,biomarkers-30720-both_sexes-irnt.tsv,1351,742,247,2088,2337,184,5.974544572603005e-07,0.8934531450577664,True,0.2,500,
65,12,Cystatin C,3.0,biomarkers-30720-both_sexes-irnt.tsv,1297,776,236,2059,2337,184,6.865254305509616e-07,0.8810440735986307,True,0.2,500,
66,13,Gamma glutamyltransferase,0.5,biomarkers-30730-both_sexes-irnt.tsv,1665,301,686,1907,1954,138,1.8462745642500298e-07,0.9759467758444216,True,0.2,500,
67,13,Gamma glutamyltransferase,1.0,biomarkers-30730-both_sexes-irnt.tsv,1422,456,387,1873,1954,138,3.197922661679903e-07,0.9585465711361312,True,0.2,500,
68,13,Gamma glutamyltransferase,1.5,biomarkers-30730-both_sexes-irnt.tsv,1287,546,294,1824,1954,138,4.466081197926421e-07,0.933469805527124,True,0.2,500,
69,13,Gamma glutamyltransferase,2.0,biomarkers-30730-both_sexes-irnt.tsv,1186,615,240,1807,1954,138,5.686865780256993e-07,0.9247697031729784,True,0.2,500,
70,13,Gamma glutamyltransferase,2.5,biomarkers-30730-both_sexes-irnt.tsv,1123,664,220,1778,1954,138,6.86931713714867e-07,0.90992835209826,True,0.2,500,
71,13,Gamma glutamyltransferase,3.0,biomarkers-30730-both_sexes-irnt.tsv,1094,702,203,1759,1954,138,8.003028470066699e-07,0.9002047082906858,True,0.2,500,
72,15,Glycated haemoglobin (HbA1c),0.5,biomarkers-30750-both_sexes-irnt.tsv,1935,339,841,2307,2351,198,1.357479056151315e-07,0.9812845597618036,True,0.2,500,
73,15,Glycated haemoglobin (HbA1c),1.0,biomarkers-30750-both_sexes-irnt.tsv,1659,477,489,2274,2351,198,2.380027835177889e-07,0.967247979583156,True,0.2,500,
74,15,Glycated haemoglobin (HbA1c),1.5,biomarkers-30750-both_sexes-irnt.tsv,1478,591,358,2229,2351,198,3.23261740260072e-07,0.9481071884304552,True,0.2,500,
75,15,Glycated haemoglobin (HbA1c),2.0,biomarkers-30750-both_sexes-irnt.tsv,1391,690,306,2188,2351,198,3.983707465532973e-07,0.930667800935772,True,0.2,500,
76,15,Glycated haemoglobin (HbA1c),2.5,biomarkers-30750-both_sexes-irnt.tsv,1318,733,267,2144,2351,198,4.7076291678416934e-07,0.9119523606975756,True,0.2,500,
77,15,Glycated haemoglobin (HbA1c),3.0,biomarkers-30750-both_sexes-irnt.tsv,1268,788,248,2114,2351,198,5.439934436868445e-07,0.8991918332624416,True,0.2,500,
78,16,HDL cholesterol,0.5,biomarkers-30760-both_sexes-irnt.tsv,1813,348,764,2122,2197,178,1.8462692878610606e-07,0.9658625398270368,True,0.2,500,
79,16,HDL cholesterol,1.0,biomarkers-30760-both_sexes-irnt.tsv,1504,486,435,2062,2197,178,3.197910310761233e-07,0.9385525716886663,True,0.2,500,
80,16,HDL cholesterol,1.5,biomarkers-30760-both_sexes-irnt.tsv,1365,583,353,2029,2197,178,4.466062128828549e-07,0.9235320892125626,True,0.2,500,
81,16,HDL cholesterol,2.0,biomarkers-30760-both_sexes-irnt.tsv,1268,648,293,1987,2197,178,5.686841498701118e-07,0.9044151115157032,True,0.2,500,
82,16,HDL cholesterol,2.5,biomarkers-30760-both_sexes-irnt.tsv,1195,697,255,1975,2197,178,6.86928780680849e-07,0.8989531178880291,True,0.2,500,
83,16,HDL cholesterol,3.0,biomarkers-30760-both_sexes-irnt.tsv,1142,732,228,1955,2197,178,8.002994299050453e-07,0.889849795175239,True,0.2,500,
84,17,IGF-1,0.5,biomarkers-30770-both_sexes-irnt.tsv,1894,370,697,2289,2357,170,1.7672712189261092e-07,0.9711497666525244,True,0.2,500,
85,17,IGF-1,1.0,biomarkers-30770-both_sexes-irnt.tsv,1669,516,412,2232,2357,170,2.90974000302624e-07,0.9469664828171404,True,0.2,500,
86,17,IGF-1,1.5,biomarkers-30770-both_sexes-irnt.tsv,1492,615,311,2183,2357,170,3.876900434243789e-07,0.9261773440814596,True,0.2,500,
87,17,IGF-1,2.0,biomarkers-30770-both_sexes-irnt.tsv,1409,689,266,2152,2357,170,4.766998587982541e-07,0.9130250318201104,True,0.2,500,
88,17,IGF-1,2.5,biomarkers-30770-both_sexes-irnt.tsv,1358,754,242,2120,2357,170,5.634315967871081e-07,0.8994484514212983,True,0.2,500,
89,17,IGF-1,3.0,biomarkers-30770-both_sexes-irnt.tsv,1295,796,222,2101,2357,170,6.48504183607598e-07,0.8913873568095037,True,0.2,500,
90,18,LDL direct,0.5,biomarkers-30780-both_sexes-irnt.tsv,869,192,392,1050,1067,94,1.8462745642500298e-07,0.9840674789128396,True,0.2,500,
91,18,LDL direct,1.0,biomarkers-30780-both_sexes-irnt.tsv,721,257,206,1039,1067,94,3.197922661679903e-07,0.9737582005623244,True,0.2,500,
92,18,LDL direct,1.5,biomarkers-30780-both_sexes-irnt.tsv,659,299,171,1035,1067,94,4.466081197926421e-07,0.9700093720712276,True,0.2,500,
93,18,LDL direct,2.0,biomarkers-30780-both_sexes-irnt.tsv,615,333,142,1026,1067,94,5.686865780256993e-07,0.9615745079662604,True,0.2,500,
94,18,LDL direct,2.5,biomarkers-30780-both_sexes-irnt.tsv,570,356,128,1016,1067,94,6.86931713714867e-07,0.9522024367385192,True,0.2,500,
95,18,LDL direct,3.0,biomarkers-30780-both_sexes-irnt.tsv,552,373,118,1007,1067,94,8.003028470066699e-07,0.943767572633552,True,0.2,500,
96,21,Phosphate,0.5,biomarkers-30810-both_sexes-irnt.tsv,604,93,220,687,708,42,2.0034460948089101e-07,0.9703389830508474,True,0.2,500,
97,21,Phosphate,1.0,biomarkers-30810-both_sexes-irnt.tsv,521,135,122,663,708,42,3.337375542398425e-07,0.9364406779661016,True,0.2,500,
98,21,Phosphate,1.5,biomarkers-30810-both_sexes-irnt.tsv,478,175,87,649,708,42,4.486885342465127e-07,0.9166666666666666,True,0.2,500,
99,21,Phosphate,2.0,biomarkers-30810-both_sexes-irnt.tsv,444,203,74,638,708,42,5.563379577597118e-07,0.9011299435028248,True,0.2,500,
100,21,Phosphate,2.5,biomarkers-30810-both_sexes-irnt.tsv,439,222,66,628,708,42,6.607723851120203e-07,0.8870056497175142,True,0.2,500,
101,21,Phosphate,3.0,biomarkers-30810-both_sexes-irnt.tsv,418,231,61,614,708,42,7.617319902912621e-07,0.867231638418079,True,0.2,500,
102,23,SHBG,0.5,biomarkers-30830-both_sexes-irnt.tsv,1430,295,580,1661,1711,143,1.8462693331689241e-07,0.9707773232028054,True,0.2,500,
103,23,SHBG,1.0,biomarkers-30830-both_sexes-irnt.tsv,1238,415,348,1637,1711,143,3.197908884185264e-07,0.956750438340152,True,0.2,500,
104,23,SHBG,1.5,biomarkers-30830-both_sexes-irnt.tsv,1127,496,270,1601,1711,143,4.466060136534741e-07,0.935710111046172,True,0.2,500,
105,23,SHBG,2.0,biomarkers-30830-both_sexes-irnt.tsv,1044,568,220,1565,1711,143,5.686838961822146e-07,0.9146697837521915,True,0.2,500,
106,23,SHBG,2.5,biomarkers-30830-both_sexes-irnt.tsv,993,610,195,1550,1711,143,6.869284742444591e-07,0.9059029807130332,True,0.2,500,
107,23,SHBG,3.0,biomarkers-30830-both_sexes-irnt.tsv,967,651,179,1523,1711,143,8.002990728944279e-07,0.8901227352425483,True,0.2,500,
108,26,Total protein,0.5,biomarkers-30860-both_sexes-irnt.tsv,1187,266,466,1355,1391,132,1.8991993716005067e-07,0.97411933860532,True,0.2,500,
109,26,Total protein,1.0,biomarkers-30860-both_sexes-irnt.tsv,1094,379,305,1336,1391,132,3.1476364361415106e-07,0.9604601006470166,True,0.2,500,
110,26,Total protein,1.5,biomarkers-30860-both_sexes-irnt.tsv,1003,453,225,1310,1391,132,4.229015922468252e-07,0.94176851186197,True,0.2,500,
111,26,Total protein,2.0,biomarkers-30860-both_sexes-irnt.tsv,958,497,197,1303,1391,132,5.19576879878997e-07,0.9367361610352264,True,0.2,500,
112,26,Total protein,2.5,biomarkers-30860-both_sexes-irnt.tsv,919,534,187,1290,1391,132,6.077815210806741e-07,0.9273903666427032,True,0.2,500,
113,26,Total protein,3.0,biomarkers-30860-both_sexes-irnt.tsv,891,563,174,1278,1391,132,6.894471392542992e-07,0.918763479511143,True,0.2,500,
114,27,Triglycerides,0.5,biomarkers-30870-both_sexes-irnt.tsv,1575,234,665,1836,1894,144,1.574499341874351e-07,0.969376979936642,True,0.2,500,
115,27,Triglycerides,1.0,biomarkers-30870-both_sexes-irnt.tsv,1337,348,361,1808,1894,144,2.642114796788597e-07,0.9545934530095036,True,0.2,500,
116,27,Triglycerides,1.5,biomarkers-30870-both_sexes-irnt.tsv,1197,424,276,1785,1894,144,3.557715869681932e-07,0.9424498416050686,True,0.2,500,
117,27,Triglycerides,2.0,biomarkers-30870-both_sexes-irnt.tsv,1103,498,221,1765,1894,144,4.399657207008162e-07,0.9318901795142556,True,0.2,500,
118,27,Triglycerides,2.5,biomarkers-30870-both_sexes-irnt.tsv,1030,529,204,1757,1894,144,5.212886321899259e-07,0.9276663146779304,True,0.2,500,
119,27,Triglycerides,3.0,biomarkers-30870-both_sexes-irnt.tsv,977,551,186,1740,1894,144,6.018486471227627e-07,0.9186906019007391,True,0.2,500,
120,29,Vitamin D,0.5,biomarkers-30890-both_sexes-irnt.tsv,301,54,94,392,403,27,1.7649341151736545e-07,0.9727047146401984,True,0.2,500,
121,29,Vitamin D,1.0,biomarkers-30890-both_sexes-irnt.tsv,236,70,65,386,403,27,2.893584833291228e-07,0.957816377171216,True,0.2,500,
122,29,Vitamin D,1.5,biomarkers-30890-both_sexes-irnt.tsv,201,78,48,378,403,27,3.853655613519186e-07,0.9379652605459056,True,0.2,500,
123,29,Vitamin D,2.0,biomarkers-30890-both_sexes-irnt.tsv,182,86,43,374,403,27,4.757447520666419e-07,0.9280397022332506,True,0.2,500,
124,29,Vitamin D,2.5,biomarkers-30890-both_sexes-irnt.tsv,171,94,40,373,403,27,5.647156287922518e-07,0.9255583126550868,True,0.2,500,
125,29,Vitamin D,3.0,biomarkers-30890-both_sexes-irnt.tsv,166,99,40,372,403,27,6.534138720197743e-07,0.9230769230769232,True,0.2,500,
126,80,Birth weight known,0.5,categorical-120-both_sexes-1.tsv,5,1,1,2,6,0,2.050354087086686e-07,0.3333333333333333,True,0.2,500,
127,80,Birth weight known,1.0,categorical-120-both_sexes-1.tsv,6,2,0,2,6,0,3.355600396382263e-07,0.3333333333333333,True,0.2,500,
128,80,Birth weight known,1.5,categorical-120-both_sexes-1.tsv,6,2,0,1,6,0,4.424413119594522e-07,0.1666666666666666,True,0.2,500,
129,80,Birth weight known,2.0,categorical-120-both_sexes-1.tsv,4,2,0,1,6,0,5.398391330523781e-07,0.1666666666666666,True,0.2,500,
130,80,Birth weight known,2.5,categorical-120-both_sexes-1.tsv,4,2,0,1,6,0,6.33725318199955e-07,0.1666666666666666,True,0.2,500,
131,80,Birth weight known,3.0,categorical-120-both_sexes-1.tsv,5,3,0,1,6,0,7.252917478618098e-07,0.1666666666666666,True,0.2,500,
132,83,Snoring,0.5,categorical-1210-both_sexes-1210.tsv,50,8,9,40,43,3,2.314293804892078e-07,0.9302325581395348,True,0.2,500,
133,83,Snoring,1.0,categorical-1210-both_sexes-1210.tsv,45,15,7,39,43,3,3.904295298540068e-07,0.9069767441860463,True,0.2,500,
134,83,Snoring,1.5,categorical-1210-both_sexes-1210.tsv,37,20,8,33,43,3,5.306668082524682e-07,0.7674418604651163,True,0.2,500,
135,83,Snoring,2.0,categorical-1210-both_sexes-1210.tsv,40,24,7,32,43,3,6.608242846698852e-07,0.7441860465116279,True,0.2,500,
136,83,Snoring,2.5,categorical-1210-both_sexes-1210.tsv,42,27,5,30,43,3,7.837412269573399e-07,0.6976744186046512,True,0.2,500,
137,83,Snoring,3.0,categorical-1210-both_sexes-1210.tsv,43,28,5,29,43,3,8.996123319933312e-07,0.6744186046511628,True,0.2,500,
138,96,Milk type used,0.5,categorical-1418-both_sexes-1.tsv,5,0,1,3,5,0,2.880278905815781e-07,0.6,True,0.2,500,
139,96,Milk type used,1.0,categorical-1418-both_sexes-1.tsv,6,2,0,3,5,0,4.44993270555433e-07,0.6,True,0.2,500,
140,96,Milk type used,1.5,categorical-1418-both_sexes-1.tsv,6,2,0,3,5,0,5.705849562928163e-07,0.6,True,0.2,500,
141,96,Milk type used,2.0,categorical-1418-both_sexes-1.tsv,4,2,0,2,5,0,6.825672681338395e-07,0.4,True,0.2,500,
142,96,Milk type used,2.5,categorical-1418-both_sexes-1.tsv,4,2,0,2,5,0,7.864138164680223e-07,0.4,True,0.2,500,
143,96,Milk type used,3.0,categorical-1418-both_sexes-1.tsv,4,2,0,2,5,0,8.837895027344256e-07,0.4,True,0.2,500,
144,102,Spread type,0.5,categorical-1428-both_sexes-0.tsv,4,0,1,3,3,0,1.454953813904118e-07,1.0,True,0.2,500,
145,102,Spread type,1.0,categorical-1428-both_sexes-0.tsv,5,1,0,3,3,0,2.39742573936734e-07,1.0,True,0.2,500,
146,102,Spread type,1.5,categorical-1428-both_sexes-0.tsv,6,2,0,3,3,0,3.210801234740184e-07,1.0,True,0.2,500,
147,102,Spread type,2.0,categorical-1428-both_sexes-0.tsv,6,2,0,3,3,0,3.9888725804459e-07,1.0,True,0.2,500,
148,102,Spread type,2.5,categorical-1428-both_sexes-0.tsv,4,2,0,2,3,0,4.775271085510619e-07,0.6666666666666666,True,0.2,500,
149,102,Spread type,3.0,categorical-1428-both_sexes-0.tsv,5,3,0,2,3,0,5.573826218537542e-07,0.6666666666666666,True,0.2,500,
150,113,Cereal type,0.5,,,,,,,,,,,,,
151,113,Cereal type,1.0,,,,,,,,,,,,,
152,113,Cereal type,1.5,,,,,,,,,,,,,
153,113,Cereal type,2.0,,,,,,,,,,,,,
154,113,Cereal type,2.5,,,,,,,,,,,,,
155,113,Cereal type,3.0,,,,,,,,,,,,,
156,121,Major dietary changes in the last 5 years,0.5,categorical-1538-both_sexes-2.tsv,8,2,6,6,6,2,1.84826600625018e-07,1.0,True,0.2,500,
157,121,Major dietary changes in the last 5 years,1.0,categorical-1538-both_sexes-2.tsv,8,3,3,4,6,2,3.072095249655432e-07,0.6666666666666666,True,0.2,500,
158,121,Major dietary changes in the last 5 years,1.5,categorical-1538-both_sexes-2.tsv,8,5,2,5,6,2,4.118823708517837e-07,0.8333333333333334,True,0.2,500,
159,121,Major dietary changes in the last 5 years,2.0,categorical-1538-both_sexes-2.tsv,7,5,2,5,6,2,5.092270682215864e-07,0.8333333333333334,True,0.2,500,
160,121,Major dietary changes in the last 5 years,2.5,categorical-1538-both_sexes-2.tsv,8,6,2,5,6,2,6.046338082005138e-07,0.8333333333333334,True,0.2,500,
161,121,Major dietary changes in the last 5 years,3.0,categorical-1538-both_sexes-2.tsv,8,6,2,5,6,2,6.992736663383852e-07,0.8333333333333334,True,0.2,500,
162,129,Breastfed as a baby,0.5,categorical-1677-both_sexes-1677.tsv,1,1,0,0,0,0,2.880188638711405e-07,1.0,True,0.2,500,
163,129,Breastfed as a baby,1.0,categorical-1677-both_sexes-1677.tsv,2,1,0,0,0,0,4.4495308227338235e-07,1.0,True,0.2,500,
164,129,Breastfed as a baby,1.5,categorical-1677-both_sexes-1677.tsv,2,1,0,0,0,0,5.706376975456717e-07,1.0,True,0.2,500,
165,129,Breastfed as a baby,2.0,categorical-1677-both_sexes-1677.tsv,2,1,0,0,0,0,6.826211644494345e-07,1.0,True,0.2,500,
166,129,Breastfed as a baby,2.5,categorical-1677-both_sexes-1677.tsv,2,1,0,0,0,0,7.86338402801659e-07,1.0,True,0.2,500,
167,129,Breastfed as a baby,3.0,categorical-1677-both_sexes-1677.tsv,1,1,0,0,0,0,8.838479057801076e-07,1.0,True,0.2,500,
168,130,Handedness (chirality/laterality),0.5,categorical-1707-both_sexes-1.tsv,7,2,2,3,3,1,1.6954156777859966e-07,1.0,True,0.2,500,
169,130,Handedness (chirality/laterality),1.0,categorical-1707-both_sexes-1.tsv,8,4,1,3,3,1,2.916095809585047e-07,1.0,True,0.2,500,
170,130,Handedness (chirality/laterality),1.5,categorical-1707-both_sexes-1.tsv,9,4,1,3,3,1,4.0336759728054553e-07,1.0,True,0.2,500,
171,130,Handedness (chirality/laterality),2.0,categorical-1707-both_sexes-1.tsv,8,5,1,3,3,1,5.120259971468138e-07,1.0,True,0.2,500,
172,130,Handedness (chirality/laterality),2.5,categorical-1707-both_sexes-1.tsv,9,6,1,3,3,1,6.200512739052334e-07,1.0,True,0.2,500,
173,130,Handedness (chirality/laterality),3.0,categorical-1707-both_sexes-1.tsv,7,6,1,3,3,1,7.265826969700899e-07,1.0,True,0.2,500,
174,136,"Hair colour (natural, before greying)",0.5,categorical-1747-both_sexes-4.tsv,738,143,251,1100,1142,62,2.48368518852664e-07,0.9632224168126094,True,0.2,500,
175,136,"Hair colour (natural, before greying)",1.0,categorical-1747-both_sexes-4.tsv,591,189,152,1060,1142,62,4.0253401015020084e-07,0.9281961471103328,True,0.2,500,
176,136,"Hair colour (natural, before greying)",1.5,categorical-1747-both_sexes-4.tsv,518,217,119,1044,1142,62,5.344817203392775e-07,0.914185639229422,True,0.2,500,
177,136,"Hair colour (natural, before greying)",2.0,categorical-1747-both_sexes-4.tsv,470,238,102,1035,1142,62,6.529864615297548e-07,0.9063047285464098,True,0.2,500,
178,136,"Hair colour (natural, before greying)",2.5,categorical-1747-both_sexes-4.tsv,443,250,95,1015,1142,62,7.610361531328447e-07,0.8887915936952715,True,0.2,500,
179,136,"Hair colour (natural, before greying)",3.0,categorical-1747-both_sexes-4.tsv,424,261,87,998,1142,62,8.599052183605451e-07,0.8739054290718039,True,0.2,500,
180,147,Sensitivity / hurt feelings,0.5,categorical-1950-both_sexes-1950.tsv,52,7,9,47,48,3,1.5696168180193179e-07,0.9791666666666666,True,0.2,500,
181,147,Sensitivity / hurt feelings,1.0,categorical-1950-both_sexes-1950.tsv,50,12,4,46,48,3,2.621079925194781e-07,0.9583333333333334,True,0.2,500,
182,147,Sensitivity / hurt feelings,1.5,categorical-1950-both_sexes-1950.tsv,50,17,4,45,48,3,3.500066915443415e-07,0.9375,True,0.2,500,
183,147,Sensitivity / hurt feelings,2.0,categorical-1950-both_sexes-1950.tsv,50,20,3,44,48,3,4.344960046872724e-07,0.9166666666666666,True,0.2,500,
184,147,Sensitivity / hurt feelings,2.5,categorical-1950-both_sexes-1950.tsv,46,22,3,43,48,3,5.211936831308798e-07,0.8958333333333334,True,0.2,500,
185,147,Sensitivity / hurt feelings,3.0,categorical-1950-both_sexes-1950.tsv,44,25,3,43,48,3,6.110383147342376e-07,0.8958333333333334,True,0.2,500,
186,245,"Non-cancer illness code, self-reported",0.5,categorical-20002-both_sexes-1226.tsv,476,100,189,518,534,48,2.504448764356259e-07,0.9700374531835206,True,0.2,500,
187,245,"Non-cancer illness code, self-reported",1.0,categorical-20002-both_sexes-1226.tsv,420,127,113,511,534,48,4.0863867092082003e-07,0.9569288389513108,True,0.2,500,
188,245,"Non-cancer illness code, self-reported",1.5,categorical-20002-both_sexes-1226.tsv,388,149,83,498,534,48,5.282500706946931e-07,0.9325842696629212,True,0.2,500,
189,245,"Non-cancer illness code, self-reported",2.0,categorical-20002-both_sexes-1226.tsv,368,168,70,493,534,48,6.285625130685364e-07,0.9232209737827716,True,0.2,500,
190,245,"Non-cancer illness code, self-reported",2.5,categorical-20002-both_sexes-1226.tsv,348,178,65,490,534,48,7.181241550753144e-07,0.9176029962546816,True,0.2,500,
191,245,"Non-cancer illness code, self-reported",3.0,categorical-20002-both_sexes-1226.tsv,341,189,61,488,534,48,8.013570972601689e-07,0.9138576779026216,True,0.2,500,
192,651,Treatment/medication code,0.5,categorical-20003-both_sexes-1140874420.tsv,2,1,1,3,4,1,1.417360552230593e-07,0.75,True,0.2,500,
193,651,Treatment/medication code,1.0,categorical-20003-both_sexes-1140874420.tsv,3,1,1,3,4,1,2.3601558349299613e-07,0.75,True,0.2,500,
194,651,Treatment/medication code,1.5,categorical-20003-both_sexes-1140874420.tsv,4,2,1,3,4,1,3.1304928058860896e-07,0.75,True,0.2,500,
195,651,Treatment/medication code,2.0,categorical-20003-both_sexes-1140874420.tsv,4,2,1,3,4,1,3.811127275661372e-07,0.75,True,0.2,500,
196,651,Treatment/medication code,2.5,categorical-20003-both_sexes-1140874420.tsv,4,3,1,3,4,1,4.460305049090354e-07,0.75,True,0.2,500,
197,651,Treatment/medication code,3.0,categorical-20003-both_sexes-1140874420.tsv,4,3,1,3,4,1,5.098342923318913e-07,0.75,True,0.2,500,
198,706,Treatment/medication code,0.5,categorical-20003-both_sexes-1140879802.tsv,32,5,9,27,28,1,1.4174104445107257e-07,0.9642857142857144,True,0.2,500,
199,706,Treatment/medication code,1.0,categorical-20003-both_sexes-1140879802.tsv,30,4,5,24,28,1,2.3603091128918475e-07,0.8571428571428571,True,0.2,500,
200,706,Treatment/medication code,1.5,categorical-20003-both_sexes-1140879802.tsv,30,8,2,23,28,1,3.130729594998422e-07,0.8214285714285714,True,0.2,500,
201,706,Treatment/medication code,2.0,categorical-20003-both_sexes-1140879802.tsv,32,11,2,22,28,1,3.8113713216166556e-07,0.7857142857142857,True,0.2,500,
202,706,Treatment/medication code,2.5,categorical-20003-both_sexes-1140879802.tsv,33,13,2,22,28,1,4.460635152198768e-07,0.7857142857142857,True,0.2,500,
203,706,Treatment/medication code,3.0,categorical-20003-both_sexes-1140879802.tsv,32,14,2,20,28,1,5.09763150987185e-07,0.7142857142857143,True,0.2,500,
204,720,Treatment/medication code,0.5,categorical-20003-both_sexes-1140881856.tsv,12,2,5,15,16,1,1.4174104445107257e-07,0.9375,True,0.2,500,
205,720,Treatment/medication code,1.0,categorical-20003-both_sexes-1140881856.tsv,9,3,2,14,16,1,2.3603091128918475e-07,0.875,True,0.2,500,
206,720,Treatment/medication code,1.5,categorical-20003-both_sexes-1140881856.tsv,9,3,2,14,16,1,3.130729594998422e-07,0.875,True,0.2,500,
207,720,Treatment/medication code,2.0,categorical-20003-both_sexes-1140881856.tsv,10,6,2,13,16,1,3.8113713216166556e-07,0.8125,True,0.2,500,
208,720,Treatment/medication code,2.5,categorical-20003-both_sexes-1140881856.tsv,10,6,2,13,16,1,4.460635152198768e-07,0.8125,True,0.2,500,
209,720,Treatment/medication code,3.0,categorical-20003-both_sexes-1140881856.tsv,11,7,2,13,16,1,5.09763150987185e-07,0.8125,True,0.2,500,
210,833,Treatment/medication code,0.5,categorical-20003-both_sexes-1140923346.tsv,3,0,0,4,4,0,1.4174104445107257e-07,1.0,True,0.2,500,
211,833,Treatment/medication code,1.0,categorical-20003-both_sexes-1140923346.tsv,1,0,0,3,4,0,2.3603091128918475e-07,0.75,True,0.2,500,
212,833,Treatment/medication code,1.5,categorical-20003-both_sexes-1140923346.tsv,1,0,0,3,4,0,3.130729594998422e-07,0.75,True,0.2,500,
213,833,Treatment/medication code,2.0,categorical-20003-both_sexes-1140923346.tsv,1,0,0,3,4,0,3.8113713216166556e-07,0.75,True,0.2,500,
214,833,Treatment/medication code,2.5,categorical-20003-both_sexes-1140923346.tsv,2,1,0,3,4,0,4.460635152198768e-07,0.75,True,0.2,500,
215,833,Treatment/medication code,3.0,categorical-20003-both_sexes-1140923346.tsv,2,1,0,3,4,0,5.09763150987185e-07,0.75,True,0.2,500,
216,1132,Operation code,0.5,categorical-20004-both_sexes-1477.tsv,3,0,2,2,2,0,1.6377076021536394e-07,1.0,True,0.2,500,
217,1132,Operation code,1.0,categorical-20004-both_sexes-1477.tsv,2,0,2,2,2,0,2.663734796020704e-07,1.0,True,0.2,500,
218,1132,Operation code,1.5,categorical-20004-both_sexes-1477.tsv,3,1,2,2,2,0,3.522446604713933e-07,1.0,True,0.2,500,
219,1132,Operation code,2.0,categorical-20004-both_sexes-1477.tsv,3,1,2,2,2,0,4.301225532521428e-07,1.0,True,0.2,500,
220,1132,Operation code,2.5,categorical-20004-both_sexes-1477.tsv,3,2,1,2,2,0,5.042784587856007e-07,1.0,True,0.2,500,
221,1132,Operation code,3.0,categorical-20004-both_sexes-1477.tsv,3,2,1,2,2,0,5.76749090684552e-07,1.0,True,0.2,500,
222,1134,Operation code,0.5,categorical-20004-both_sexes-1479.tsv,204,35,100,207,214,18,1.6377076021536394e-07,0.9672897196261684,True,0.2,500,
223,1134,Operation code,1.0,categorical-20004-both_sexes-1479.tsv,180,47,67,201,214,18,2.663734796020704e-07,0.9392523364485982,True,0.2,500,
224,1134,Operation code,1.5,categorical-20004-both_sexes-1479.tsv,170,58,48,199,214,18,3.522446604713933e-07,0.9299065420560748,True,0.2,500,
225,1134,Operation code,2.0,categorical-20004-both_sexes-1479.tsv,160,67,39,196,214,18,4.301225532521428e-07,0.9158878504672896,True,0.2,500,
226,1134,Operation code,2.5,categorical-20004-both_sexes-1479.tsv,157,74,32,197,214,18,5.042784587856007e-07,0.9205607476635514,True,0.2,500,
227,1134,Operation code,3.0,categorical-20004-both_sexes-1479.tsv,152,78,30,191,214,18,5.76749090684552e-07,0.8925233644859814,True,0.2,500,
228,1135,Operation code,0.5,categorical-20004-both_sexes-1480.tsv,3,0,0,3,5,0,1.6377076021536394e-07,0.6,True,0.2,500,
229,1135,Operation code,1.0,categorical-20004-both_sexes-1480.tsv,3,0,0,2,5,0,2.663734796020704e-07,0.4,True,0.2,500,
230,1135,Operation code,1.5,categorical-20004-both_sexes-1480.tsv,2,0,0,2,5,0,3.522446604713933e-07,0.4,True,0.2,500,
231,1135,Operation code,2.0,categorical-20004-both_sexes-1480.tsv,1,0,0,1,5,0,4.301225532521428e-07,0.2,True,0.2,500,
232,1135,Operation code,2.5,categorical-20004-both_sexes-1480.tsv,1,0,0,1,5,0,5.042784587856007e-07,0.2,True,0.2,500,
233,1135,Operation code,3.0,categorical-20004-both_sexes-1480.tsv,1,0,0,1,5,0,5.76749090684552e-07,0.2,True,0.2,500,
234,1138,Operation code,0.5,categorical-20004-both_sexes-1483.tsv,15,1,3,9,10,0,1.6377076021536394e-07,0.9,True,0.2,500,
235,1138,Operation code,1.0,categorical-20004-both_sexes-1483.tsv,11,1,2,8,10,0,2.663734796020704e-07,0.8,True,0.2,500,
236,1138,Operation code,1.5,categorical-20004-both_sexes-1483.tsv,12,3,1,8,10,0,3.522446604713933e-07,0.8,True,0.2,500,
237,1138,Operation code,2.0,categorical-20004-both_sexes-1483.tsv,11,3,1,7,10,0,4.301225532521428e-07,0.7,True,0.2,500,
238,1138,Operation code,2.5,categorical-20004-both_sexes-1483.tsv,10,4,1,7,10,0,5.042784587856007e-07,0.7,True,0.2,500,
239,1138,Operation code,3.0,categorical-20004-both_sexes-1483.tsv,10,4,1,6,10,0,5.76749090684552e-07,0.6,True,0.2,500,
240,1434,Illnesses of father,0.5,categorical-20107-both_sexes-101.tsv,4,2,3,3,3,1,1.9171416039702186e-07,1.0,True,0.2,500,
241,1434,Illnesses of father,1.0,categorical-20107-both_sexes-101.tsv,4,2,2,3,3,1,3.174792032028565e-07,1.0,True,0.2,500,
242,1434,Illnesses of father,1.5,categorical-20107-both_sexes-101.tsv,2,2,1,1,3,1,4.2941046565086046e-07,0.3333333333333333,True,0.2,500,
243,1434,Illnesses of father,2.0,categorical-20107-both_sexes-101.tsv,3,2,1,1,3,1,5.339873776112882e-07,0.3333333333333333,True,0.2,500,
244,1434,Illnesses of father,2.5,categorical-20107-both_sexes-101.tsv,2,2,1,1,3,1,6.326151163015713e-07,0.3333333333333333,True,0.2,500,
245,1434,Illnesses of father,3.0,categorical-20107-both_sexes-101.tsv,2,2,1,1,3,1,7.257386567556267e-07,0.3333333333333333,True,0.2,500,
246,1443,Illnesses of father,0.5,categorical-20107-both_sexes-9.tsv,35,4,12,34,37,1,1.91714180782843e-07,0.918918918918919,True,0.2,500,
247,1443,Illnesses of father,1.0,categorical-20107-both_sexes-9.tsv,25,6,4,29,37,1,3.174793387426496e-07,0.7837837837837838,True,0.2,500,
248,1443,Illnesses of father,1.5,categorical-20107-both_sexes-9.tsv,25,6,4,31,37,1,4.294105364784669e-07,0.8378378378378378,True,0.2,500,
249,1443,Illnesses of father,2.0,categorical-20107-both_sexes-9.tsv,22,6,3,30,37,1,5.339875368629674e-07,0.8108108108108109,True,0.2,500,
250,1443,Illnesses of father,2.5,categorical-20107-both_sexes-9.tsv,20,6,3,31,37,1,6.326153844913374e-07,0.8378378378378378,True,0.2,500,
251,1443,Illnesses of father,3.0,categorical-20107-both_sexes-9.tsv,18,7,3,26,37,1,7.257390505631852e-07,0.7027027027027027,True,0.2,500,
252,1454,Illnesses of mother,0.5,categorical-20110-both_sexes-100.tsv,7,0,3,7,7,0,1.6712517149997858e-07,1.0,True,0.2,500,
253,1454,Illnesses of mother,1.0,categorical-20110-both_sexes-100.tsv,6,1,1,6,7,0,2.825847678307604e-07,0.8571428571428571,True,0.2,500,
254,1454,Illnesses of mother,1.5,categorical-20110-both_sexes-100.tsv,6,1,1,6,7,0,3.869968673746765e-07,0.8571428571428571,True,0.2,500,
255,1454,Illnesses of mother,2.0,categorical-20110-both_sexes-100.tsv,5,1,1,5,7,0,4.836931191880035e-07,0.7142857142857143,True,0.2,500,
256,1454,Illnesses of mother,2.5,categorical-20110-both_sexes-100.tsv,6,2,1,5,7,0,5.757963382092628e-07,0.7142857142857143,True,0.2,500,
257,1454,Illnesses of mother,3.0,categorical-20110-both_sexes-100.tsv,6,2,1,5,7,0,6.6393028531874e-07,0.7142857142857143,True,0.2,500,
258,1465,Illnesses of siblings,0.5,categorical-20111-both_sexes-1.tsv,8,3,4,10,10,2,2.041834807280018e-07,1.0,True,0.2,500,
259,1465,Illnesses of siblings,1.0,categorical-20111-both_sexes-1.tsv,8,4,2,10,10,2,3.384005803774955e-07,1.0,True,0.2,500,
260,1465,Illnesses of siblings,1.5,categorical-20111-both_sexes-1.tsv,8,4,2,10,10,2,4.463209661637882e-07,1.0,True,0.2,500,
261,1465,Illnesses of siblings,2.0,categorical-20111-both_sexes-1.tsv,8,4,2,10,10,2,5.38638140817261e-07,1.0,True,0.2,500,
262,1465,Illnesses of siblings,2.5,categorical-20111-both_sexes-1.tsv,8,5,2,10,10,2,6.224453738978387e-07,1.0,True,0.2,500,
263,1465,Illnesses of siblings,3.0,categorical-20111-both_sexes-1.tsv,8,5,2,10,10,2,7.004679138417145e-07,1.0,True,0.2,500,
264,1468,Illnesses of siblings,0.5,categorical-20111-both_sexes-101.tsv,0,0,0,0,0,0,2.041833841983509e-07,1.0,True,0.2,500,
265,1468,Illnesses of siblings,1.0,categorical-20111-both_sexes-101.tsv,0,0,0,0,0,0,3.384004228607018e-07,1.0,True,0.2,500,
266,1468,Illnesses of siblings,1.5,categorical-20111-both_sexes-101.tsv,0,0,0,0,0,0,4.463205742361693e-07,1.0,True,0.2,500,
267,1468,Illnesses of siblings,2.0,categorical-20111-both_sexes-101.tsv,0,0,0,0,0,0,5.38637477687766e-07,1.0,True,0.2,500,
268,1468,Illnesses of siblings,2.5,categorical-20111-both_sexes-101.tsv,1,0,0,0,0,0,6.224449019421173e-07,1.0,True,0.2,500,
269,1468,Illnesses of siblings,3.0,categorical-20111-both_sexes-101.tsv,1,0,0,0,0,0,7.004672434111848e-07,1.0,True,0.2,500,
270,1557,Smoking status,0.5,categorical-20116-both_sexes-1.tsv,33,6,7,33,40,2,2.654547967461521e-07,0.825,True,0.2,500,
271,1557,Smoking status,1.0,categorical-20116-both_sexes-1.tsv,26,7,4,29,40,2,4.162160864613212e-07,0.725,True,0.2,500,
272,1557,Smoking status,1.5,categorical-20116-both_sexes-1.tsv,23,9,3,27,40,2,5.386467521447323e-07,0.675,True,0.2,500,
273,1557,Smoking status,2.0,categorical-20116-both_sexes-1.tsv,22,11,3,26,40,2,6.496137532011289e-07,0.65,True,0.2,500,
274,1557,Smoking status,2.5,categorical-20116-both_sexes-1.tsv,23,14,3,25,40,2,7.543344578971202e-07,0.625,True,0.2,500,
275,1557,Smoking status,3.0,categorical-20116-both_sexes-1.tsv,22,16,3,20,40,2,8.536004382300208e-07,0.5,True,0.2,500,
276,1561,Alcohol drinker status,0.5,categorical-20117-both_sexes-2.tsv,0,0,0,0,0,0,1.473612359590658e-07,1.0,True,0.2,500,
277,1561,Alcohol drinker status,1.0,categorical-20117-both_sexes-2.tsv,0,0,0,0,0,0,2.5144066110045175e-07,1.0,True,0.2,500,
278,1561,Alcohol drinker status,1.5,categorical-20117-both_sexes-2.tsv,0,0,0,0,0,0,3.4338362054817e-07,1.0,True,0.2,500,
279,1561,Alcohol drinker status,2.0,categorical-20117-both_sexes-2.tsv,0,0,0,0,0,0,4.318652765607042e-07,1.0,True,0.2,500,
280,1561,Alcohol drinker status,2.5,categorical-20117-both_sexes-2.tsv,0,0,0,0,0,0,5.213972332186544e-07,1.0,True,0.2,500,
281,1561,Alcohol drinker status,3.0,categorical-20117-both_sexes-2.tsv,0,0,0,0,0,0,6.130566308120501e-07,1.0,True,0.2,500,
282,1581,Risk taking,0.5,categorical-2040-both_sexes-2040.tsv,42,3,9,37,39,0,1.8508489014209967e-07,0.9487179487179488,True,0.2,500,
283,1581,Risk taking,1.0,categorical-2040-both_sexes-2040.tsv,36,9,3,32,39,0,3.215674392717031e-07,0.8205128205128205,True,0.2,500,
284,1581,Risk taking,1.5,categorical-2040-both_sexes-2040.tsv,33,11,3,31,39,0,4.463451272155485e-07,0.7948717948717948,True,0.2,500,
285,1581,Risk taking,2.0,categorical-2040-both_sexes-2040.tsv,32,14,2,29,39,0,5.670970318355782e-07,0.7435897435897436,True,0.2,500,
286,1581,Risk taking,2.5,categorical-2040-both_sexes-2040.tsv,31,18,2,27,39,0,6.862575265638284e-07,0.6923076923076923,True,0.2,500,
287,1581,Risk taking,3.0,categorical-2040-both_sexes-2040.tsv,31,21,1,27,39,0,8.025655202184125e-07,0.6923076923076923,True,0.2,500,
288,1716,Wears glasses or contact lenses,0.5,categorical-2207-both_sexes-2207.tsv,1,0,1,1,1,0,2.806145642023416e-07,1.0,True,0.2,500,
289,1716,Wears glasses or contact lenses,1.0,categorical-2207-both_sexes-2207.tsv,1,0,1,1,1,0,4.38836847174478e-07,1.0,True,0.2,500,
290,1716,Wears glasses or contact lenses,1.5,categorical-2207-both_sexes-2207.tsv,1,0,1,1,1,0,5.763799050127275e-07,1.0,True,0.2,500,
291,1716,Wears glasses or contact lenses,2.0,categorical-2207-both_sexes-2207.tsv,1,0,1,1,1,0,7.083361170044689e-07,1.0,True,0.2,500,
292,1716,Wears glasses or contact lenses,2.5,categorical-2207-both_sexes-2207.tsv,0,0,0,0,1,0,8.362557236286739e-07,1.0,True,0.2,500,
293,1716,Wears glasses or contact lenses,3.0,categorical-2207-both_sexes-2207.tsv,0,0,0,0,1,0,9.597941171073638e-07,1.0,True,0.2,500,
294,1741,Hearing difficulty/problems with background noise,0.5,,,,,,,,,,,,,
295,1741,Hearing difficulty/problems with background noise,1.0,,,,,,,,,,,,,
296,1741,Hearing difficulty/problems with background noise,1.5,,,,,,,,,,,,,
297,1741,Hearing difficulty/problems with background noise,2.0,,,,,,,,,,,,,
298,1741,Hearing difficulty/problems with background noise,2.5,,,,,,,,,,,,,
299,1741,Hearing difficulty/problems with background noise,3.0,,,,,,,,,,,,,
300,1852,Back pain for 3+ months,0.5,categorical-3571-both_sexes-3571.tsv,0,0,0,0,0,0,2.491518999773387e-07,1.0,True,0.2,500,
301,1852,Back pain for 3+ months,1.0,categorical-3571-both_sexes-3571.tsv,0,0,0,0,0,0,4.061518865094484e-07,1.0,True,0.2,500,
302,1852,Back pain for 3+ months,1.5,categorical-3571-both_sexes-3571.tsv,0,0,0,0,0,0,5.319871236742115e-07,1.0,True,0.2,500,
303,1852,Back pain for 3+ months,2.0,categorical-3571-both_sexes-3571.tsv,0,0,0,0,0,0,6.4295245398773e-07,1.0,True,0.2,500,
304,1852,Back pain for 3+ months,2.5,categorical-3571-both_sexes-3571.tsv,0,0,0,0,0,0,7.451201591539669e-07,1.0,True,0.2,500,
305,1852,Back pain for 3+ months,3.0,categorical-3571-both_sexes-3571.tsv,0,0,0,0,0,0,8.402297489214609e-07,1.0,True,0.2,500,
306,1854,Chest pain or discomfort walking normally,0.5,categorical-3606-both_sexes-3606.tsv,0,0,0,0,0,0,2.3527587563856333e-07,1.0,True,0.2,500,
307,1854,Chest pain or discomfort walking normally,1.0,categorical-3606-both_sexes-3606.tsv,0,0,0,0,0,0,4.143125781317984e-07,1.0,True,0.2,500,
308,1854,Chest pain or discomfort walking normally,1.5,categorical-3606-both_sexes-3606.tsv,0,0,0,0,0,0,5.739908111882971e-07,1.0,True,0.2,500,
309,1854,Chest pain or discomfort walking normally,2.0,categorical-3606-both_sexes-3606.tsv,0,0,0,0,0,0,7.198412866695e-07,1.0,True,0.2,500,
310,1854,Chest pain or discomfort walking normally,2.5,categorical-3606-both_sexes-3606.tsv,0,0,0,0,0,0,8.551438183936847e-07,1.0,True,0.2,500,
311,1854,Chest pain or discomfort walking normally,3.0,categorical-3606-both_sexes-3606.tsv,0,0,0,0,0,0,9.788030656681767e-07,1.0,True,0.2,500,
312,3417,PM: final answer,0.5,categorical-4293-both_sexes-3.tsv,0,0,0,0,0,0,1.6662638413874669e-07,1.0,True,0.2,500,
313,3417,PM: final answer,1.0,categorical-4293-both_sexes-3.tsv,0,0,0,0,0,0,2.767110400973151e-07,1.0,True,0.2,500,
314,3417,PM: final answer,1.5,categorical-4293-both_sexes-3.tsv,0,0,0,0,0,0,3.737431758174366e-07,1.0,True,0.2,500,
315,3417,PM: final answer,2.0,categorical-4293-both_sexes-3.tsv,0,0,0,0,0,0,4.655129322905755e-07,1.0,True,0.2,500,
316,3417,PM: final answer,2.5,categorical-4293-both_sexes-3.tsv,0,0,0,0,0,0,5.548914785224467e-07,1.0,True,0.2,500,
317,3417,PM: final answer,3.0,categorical-4293-both_sexes-3.tsv,0,0,0,0,0,0,6.425381014640923e-07,1.0,True,0.2,500,
318,3440,FI7 : synonym,0.5,categorical-5001-both_sexes-5001.tsv,0,0,0,0,1,0,1.814415288673156e-07,1.0,True,0.2,500,
319,3440,FI7 : synonym,1.0,categorical-5001-both_sexes-5001.tsv,0,0,0,0,1,0,3.18999000001221e-07,1.0,True,0.2,500,
320,3440,FI7 : synonym,1.5,categorical-5001-both_sexes-5001.tsv,0,0,0,0,1,0,4.501862705454746e-07,1.0,True,0.2,500,
321,3440,FI7 : synonym,2.0,categorical-5001-both_sexes-5001.tsv,0,0,0,0,1,0,5.757612598582528e-07,1.0,True,0.2,500,
322,3440,FI7 : synonym,2.5,categorical-5001-both_sexes-5001.tsv,0,0,0,0,1,0,6.960666598579948e-07,1.0,True,0.2,500,
323,3440,FI7 : synonym,3.0,categorical-5001-both_sexes-5001.tsv,0,0,0,0,1,0,8.091900681395829e-07,1.0,True,0.2,500,
324,3526,Qualifications,0.5,,,,,,,,,,,,,
325,3526,Qualifications,1.0,,,,,,,,,,,,,
326,3526,Qualifications,1.5,,,,,,,,,,,,,
327,3526,Qualifications,2.0,,,,,,,,,,,,,
328,3526,Qualifications,2.5,,,,,,,,,,,,,
329,3526,Qualifications,3.0,,,,,,,,,,,,,
330,3527,Qualifications,0.5,,,,,,,,,,,,,
331,3527,Qualifications,1.0,,,,,,,,,,,,,
332,3527,Qualifications,1.5,,,,,,,,,,,,,
333,3527,Qualifications,2.0,,,,,,,,,,,,,
334,3527,Qualifications,2.5,,,,,,,,,,,,,
335,3527,Qualifications,3.0,,,,,,,,,,,,,
336,3553,Current employment status,0.5,,,,,,,,,,,,,
337,3553,Current employment status,1.0,,,,,,,,,,,,,
338,3553,Current employment status,1.5,,,,,,,,,,,,,
339,3553,Current employment status,2.0,,,,,,,,,,,,,
340,3553,Current employment status,2.5,,,,,,,,,,,,,
341,3553,Current employment status,3.0,,,,,,,,,,,,,
342,3564,"Never eat eggs, dairy, wheat, sugar",0.5,categorical-6144-both_sexes-5.tsv,67,18,15,81,82,5,1.9251077828134905e-07,0.9878048780487804,True,0.2,500,
343,3564,"Never eat eggs, dairy, wheat, sugar",1.0,categorical-6144-both_sexes-5.tsv,64,21,9,78,82,5,3.32571190593262e-07,0.951219512195122,True,0.2,500,
344,3564,"Never eat eggs, dairy, wheat, sugar",1.5,categorical-6144-both_sexes-5.tsv,54,26,6,75,82,5,4.572943762935539e-07,0.9146341463414634,True,0.2,500,
345,3564,"Never eat eggs, dairy, wheat, sugar",2.0,categorical-6144-both_sexes-5.tsv,49,30,5,72,82,5,5.705178145783007e-07,0.8780487804878049,True,0.2,500,
346,3564,"Never eat eggs, dairy, wheat, sugar",2.5,categorical-6144-both_sexes-5.tsv,52,34,5,74,82,5,6.75218743572377e-07,0.902439024390244,True,0.2,500,
347,3564,"Never eat eggs, dairy, wheat, sugar",3.0,categorical-6144-both_sexes-5.tsv,52,36,4,74,82,5,7.722694083972471e-07,0.902439024390244,True,0.2,500,
348,3593,Mouth/teeth dental problems,0.5,categorical-6149-both_sexes-3.tsv,2,0,0,2,3,0,2.678012834581624e-07,0.6666666666666666,True,0.2,500,
349,3593,Mouth/teeth dental problems,1.0,categorical-6149-both_sexes-3.tsv,0,0,0,0,3,0,4.231658407457666e-07,1.0,True,0.2,500,
350,3593,Mouth/teeth dental problems,1.5,categorical-6149-both_sexes-3.tsv,1,0,0,0,3,0,5.528096759329065e-07,0.0,True,0.2,500,
351,3593,Mouth/teeth dental problems,2.0,categorical-6149-both_sexes-3.tsv,2,0,0,0,3,0,6.733670222078801e-07,0.0,True,0.2,500,
352,3593,Mouth/teeth dental problems,2.5,categorical-6149-both_sexes-3.tsv,4,1,0,0,3,0,7.883757571372875e-07,0.0,True,0.2,500,
353,3593,Mouth/teeth dental problems,3.0,categorical-6149-both_sexes-3.tsv,4,1,0,0,3,0,8.991963729049766e-07,0.0,True,0.2,500,
354,3596,Mouth/teeth dental problems,0.5,categorical-6149-both_sexes-6.tsv,99,44,21,122,129,12,2.678012834581624e-07,0.9457364341085271,True,0.2,500,
355,3596,Mouth/teeth dental problems,1.0,categorical-6149-both_sexes-6.tsv,94,61,13,117,129,12,4.231658407457666e-07,0.9069767441860463,True,0.2,500,
356,3596,Mouth/teeth dental problems,1.5,categorical-6149-both_sexes-6.tsv,90,65,11,114,129,12,5.528096759329065e-07,0.8837209302325582,True,0.2,500,
357,3596,Mouth/teeth dental problems,2.0,categorical-6149-both_sexes-6.tsv,91,68,10,115,129,12,6.733670222078801e-07,0.8914728682170543,True,0.2,500,
358,3596,Mouth/teeth dental problems,2.5,categorical-6149-both_sexes-6.tsv,90,70,10,115,129,12,7.883757571372875e-07,0.8914728682170543,True,0.2,500,
359,3596,Mouth/teeth dental problems,3.0,categorical-6149-both_sexes-6.tsv,89,72,9,116,129,12,8.991963729049766e-07,0.8992248062015504,True,0.2,500,
360,3608,Fractured bone site(s),0.5,categorical-6151-both_sexes-7.tsv,3,1,1,2,2,0,2.1554779909202677e-07,1.0,True,0.2,500,
361,3608,Fractured bone site(s),1.0,categorical-6151-both_sexes-7.tsv,3,1,1,2,2,0,3.568069903534287e-07,1.0,True,0.2,500,
362,3608,Fractured bone site(s),1.5,categorical-6151-both_sexes-7.tsv,3,1,0,2,2,0,4.784263532235404e-07,1.0,True,0.2,500,
363,3608,Fractured bone site(s),2.0,categorical-6151-both_sexes-7.tsv,3,1,0,2,2,0,5.874793057669801e-07,1.0,True,0.2,500,
364,3608,Fractured bone site(s),2.5,categorical-6151-both_sexes-7.tsv,4,3,0,2,2,0,6.885962210034553e-07,1.0,True,0.2,500,
365,3608,Fractured bone site(s),3.0,categorical-6151-both_sexes-7.tsv,4,3,0,2,2,0,7.834870172537412e-07,1.0,True,0.2,500,
366,3624,"Medication for pain relief, constipation, heartburn",0.5,categorical-6154-both_sexes-3.tsv,77,21,31,87,91,13,1.8798063238720278e-07,0.956043956043956,True,0.2,500,
367,3624,"Medication for pain relief, constipation, heartburn",1.0,categorical-6154-both_sexes-3.tsv,66,27,24,85,91,13,3.0122137375273065e-07,0.934065934065934,True,0.2,500,
368,3624,"Medication for pain relief, constipation, heartburn",1.5,categorical-6154-both_sexes-3.tsv,66,35,17,85,91,13,3.904302360530826e-07,0.934065934065934,True,0.2,500,
369,3624,"Medication for pain relief, constipation, heartburn",2.0,categorical-6154-both_sexes-3.tsv,61,36,15,84,91,13,4.700258500100345e-07,0.9230769230769232,True,0.2,500,
370,3624,"Medication for pain relief, constipation, heartburn",2.5,categorical-6154-both_sexes-3.tsv,61,39,15,84,91,13,5.466592393477894e-07,0.9230769230769232,True,0.2,500,
371,3624,"Medication for pain relief, constipation, heartburn",3.0,categorical-6154-both_sexes-3.tsv,64,41,15,83,91,13,6.226288406995513e-07,0.912087912087912,True,0.2,500,
372,3629,Vitamin and mineral supplements,0.5,categorical-6155-both_sexes-100.tsv,21,4,5,22,22,2,1.6835315542339639e-07,1.0,True,0.2,500,
373,3629,Vitamin and mineral supplements,1.0,categorical-6155-both_sexes-100.tsv,16,5,1,21,22,2,2.776825729511408e-07,0.9545454545454546,True,0.2,500,
374,3629,Vitamin and mineral supplements,1.5,categorical-6155-both_sexes-100.tsv,16,6,1,20,22,2,3.6965596426449584e-07,0.9090909090909092,True,0.2,500,
375,3629,Vitamin and mineral supplements,2.0,categorical-6155-both_sexes-100.tsv,16,8,0,20,22,2,4.55115953016681e-07,0.9090909090909092,True,0.2,500,
376,3629,Vitamin and mineral supplements,2.5,categorical-6155-both_sexes-100.tsv,15,9,0,20,22,2,5.39089731653606e-07,0.9090909090909092,True,0.2,500,
377,3629,Vitamin and mineral supplements,3.0,categorical-6155-both_sexes-100.tsv,16,10,0,20,22,2,6.235300615671449e-07,0.9090909090909092,True,0.2,500,
378,3665,Leisure/social activities,0.5,categorical-6160-both_sexes-4.tsv,2,2,2,2,2,2,1.7422961782399885e-07,1.0,True,0.2,500,
379,3665,Leisure/social activities,1.0,categorical-6160-both_sexes-4.tsv,3,2,2,2,2,2,2.9158850040825214e-07,1.0,True,0.2,500,
380,3665,Leisure/social activities,1.5,categorical-6160-both_sexes-4.tsv,3,3,2,2,2,2,3.926358682053386e-07,1.0,True,0.2,500,
381,3665,Leisure/social activities,2.0,categorical-6160-both_sexes-4.tsv,3,3,2,2,2,2,4.903794902628938e-07,1.0,True,0.2,500,
382,3665,Leisure/social activities,2.5,categorical-6160-both_sexes-4.tsv,3,3,2,2,2,2,5.887846739649215e-07,1.0,True,0.2,500,
383,3665,Leisure/social activities,3.0,categorical-6160-both_sexes-4.tsv,3,3,2,2,2,2,6.880430388338701e-07,1.0,True,0.2,500,
384,3667,Types of transport used (excluding work),0.5,,,,,,,,,,,,,
385,3667,Types of transport used (excluding work),1.0,,,,,,,,,,,,,
386,3667,Types of transport used (excluding work),1.5,,,,,,,,,,,,,
387,3667,Types of transport used (excluding work),2.0,,,,,,,,,,,,,
388,3667,Types of transport used (excluding work),2.5,,,,,,,,,,,,,
389,3667,Types of transport used (excluding work),3.0,,,,,,,,,,,,,
390,3674,Types of physical activity in last 4 weeks,0.5,categorical-6164-both_sexes-2.tsv,13,1,4,12,15,0,1.93364572954048e-07,0.8,True,0.2,500,
391,3674,Types of physical activity in last 4 weeks,1.0,categorical-6164-both_sexes-2.tsv,19,7,0,13,15,0,3.1223204599739415e-07,0.8666666666666667,True,0.2,500,
392,3674,Types of physical activity in last 4 weeks,1.5,categorical-6164-both_sexes-2.tsv,20,10,0,12,15,0,4.137160799012045e-07,0.8,True,0.2,500,
393,3674,Types of physical activity in last 4 weeks,2.0,categorical-6164-both_sexes-2.tsv,19,10,0,12,15,0,5.079321370491599e-07,0.8,True,0.2,500,
394,3674,Types of physical activity in last 4 weeks,2.5,categorical-6164-both_sexes-2.tsv,19,12,0,13,15,0,5.984556704616703e-07,0.8666666666666667,True,0.2,500,
395,3674,Types of physical activity in last 4 weeks,3.0,categorical-6164-both_sexes-2.tsv,18,15,0,13,15,0,6.866682799434973e-07,0.8666666666666667,True,0.2,500,
396,3677,Types of physical activity in last 4 weeks,0.5,categorical-6164-both_sexes-5.tsv,5,1,0,4,6,0,1.93364572954048e-07,0.6666666666666666,True,0.2,500,
397,3677,Types of physical activity in last 4 weeks,1.0,categorical-6164-both_sexes-5.tsv,7,2,0,5,6,0,3.1223204599739415e-07,0.8333333333333334,True,0.2,500,
398,3677,Types of physical activity in last 4 weeks,1.5,categorical-6164-both_sexes-5.tsv,8,4,0,5,6,0,4.137160799012045e-07,0.8333333333333334,True,0.2,500,
399,3677,Types of physical activity in last 4 weeks,2.0,categorical-6164-both_sexes-5.tsv,7,5,0,4,6,0,5.079321370491599e-07,0.6666666666666666,True,0.2,500,
400,3677,Types of physical activity in last 4 weeks,2.5,categorical-6164-both_sexes-5.tsv,6,5,0,4,6,0,5.984556704616703e-07,0.6666666666666666,True,0.2,500,
401,3677,Types of physical activity in last 4 weeks,3.0,categorical-6164-both_sexes-5.tsv,6,5,0,4,6,0,6.866682799434973e-07,0.6666666666666666,True,0.2,500,
402,3943,Time spend outdoors in summer,0.5,continuous-1050-both_sexes.tsv,75,8,23,64,69,2,1.6954140049761245e-07,0.927536231884058,True,0.2,500,
403,3943,Time spend outdoors in summer,1.0,continuous-1050-both_sexes.tsv,73,16,11,61,69,2,2.916093764111949e-07,0.8840579710144928,True,0.2,500,
404,3943,Time spend outdoors in summer,1.5,continuous-1050-both_sexes.tsv,65,25,6,57,69,2,4.033672443257183e-07,0.8260869565217391,True,0.2,500,
405,3943,Time spend outdoors in summer,2.0,continuous-1050-both_sexes.tsv,62,30,6,53,69,2,5.120254986070133e-07,0.7681159420289855,True,0.2,500,
406,3943,Time spend outdoors in summer,2.5,continuous-1050-both_sexes.tsv,55,32,5,48,69,2,6.200509262991185e-07,0.6956521739130435,True,0.2,500,
407,3943,Time spend outdoors in summer,3.0,continuous-1050-both_sexes.tsv,54,34,5,48,69,2,7.265825856083035e-07,0.6956521739130435,True,0.2,500,
408,3949,Length of mobile phone use,0.5,continuous-1110-both_sexes.tsv,36,4,8,29,35,0,2.0322933757031925e-07,0.8285714285714286,True,0.2,500,
409,3949,Length of mobile phone use,1.0,continuous-1110-both_sexes.tsv,37,9,4,26,35,0,3.479715037017424e-07,0.7428571428571429,True,0.2,500,
410,3949,Length of mobile phone use,1.5,continuous-1110-both_sexes.tsv,36,11,2,25,35,0,4.811808054715346e-07,0.7142857142857143,True,0.2,500,
411,3949,Length of mobile phone use,2.0,continuous-1110-both_sexes.tsv,34,13,2,23,35,0,6.100547782240036e-07,0.6571428571428571,True,0.2,500,
412,3949,Length of mobile phone use,2.5,continuous-1110-both_sexes.tsv,35,17,1,23,35,0,7.34899631233415e-07,0.6571428571428571,True,0.2,500,
413,3949,Length of mobile phone use,3.0,continuous-1110-both_sexes.tsv,32,19,0,18,35,0,8.534786349796526e-07,0.5142857142857142,True,0.2,500,
414,3950,Weekly usage of mobile phone in last 3 months,0.5,continuous-1120-both_sexes.tsv,14,2,3,7,7,1,1.695414778748364e-07,1.0,True,0.2,500,
415,3950,Weekly usage of mobile phone in last 3 months,1.0,continuous-1120-both_sexes.tsv,13,2,3,7,7,1,2.9160928011846014e-07,1.0,True,0.2,500,
416,3950,Weekly usage of mobile phone in last 3 months,1.5,continuous-1120-both_sexes.tsv,14,4,1,7,7,1,4.033676506878894e-07,1.0,True,0.2,500,
417,3950,Weekly usage of mobile phone in last 3 months,2.0,continuous-1120-both_sexes.tsv,11,4,1,6,7,1,5.120255287601537e-07,0.8571428571428571,True,0.2,500,
418,3950,Weekly usage of mobile phone in last 3 months,2.5,continuous-1120-both_sexes.tsv,12,5,1,6,7,1,6.200516457897024e-07,0.8571428571428571,True,0.2,500,
419,3950,Weekly usage of mobile phone in last 3 months,3.0,continuous-1120-both_sexes.tsv,12,5,1,6,7,1,7.26584217969056e-07,0.8571428571428571,True,0.2,500,
420,3952,Difference in mobile phone use compared to two years previously,0.5,,,,,,,,,,,,,
421,3952,Difference in mobile phone use compared to two years previously,1.0,,,,,,,,,,,,,
422,3952,Difference in mobile phone use compared to two years previously,1.5,,,,,,,,,,,,,
423,3952,Difference in mobile phone use compared to two years previously,2.0,,,,,,,,,,,,,
424,3952,Difference in mobile phone use compared to two years previously,2.5,,,,,,,,,,,,,
425,3952,Difference in mobile phone use compared to two years previously,3.0,,,,,,,,,,,,,
426,3953,Sleep duration,0.5,continuous-1160-both_sexes.tsv,101,10,32,93,95,2,1.5100437853651026e-07,0.9789473684210528,True,0.2,500,
427,3953,Sleep duration,1.0,continuous-1160-both_sexes.tsv,97,17,9,90,95,2,2.554390826197636e-07,0.9473684210526316,True,0.2,500,
428,3953,Sleep duration,1.5,continuous-1160-both_sexes.tsv,90,20,8,85,95,2,3.466504620159039e-07,0.8947368421052632,True,0.2,500,
429,3953,Sleep duration,2.0,continuous-1160-both_sexes.tsv,78,22,7,76,95,2,4.358219969448688e-07,0.8,True,0.2,500,
430,3953,Sleep duration,2.5,continuous-1160-both_sexes.tsv,67,24,7,67,95,2,5.268852741945341e-07,0.7052631578947368,True,0.2,500,
431,3953,Sleep duration,3.0,continuous-1160-both_sexes.tsv,63,29,5,65,95,2,6.195933257311086e-07,0.6842105263157895,True,0.2,500,
432,3955,Morning/evening person (chronotype),0.5,continuous-1180-both_sexes.tsv,264,39,74,248,266,14,1.8400986673921506e-07,0.9323308270676692,True,0.2,500,
433,3955,Morning/evening person (chronotype),1.0,continuous-1180-both_sexes.tsv,210,62,33,207,266,14,3.1539442545940296e-07,0.7781954887218046,True,0.2,500,
434,3955,Morning/evening person (chronotype),1.5,continuous-1180-both_sexes.tsv,194,74,23,190,266,14,4.356827762065773e-07,0.7142857142857143,True,0.2,500,
435,3955,Morning/evening person (chronotype),2.0,continuous-1180-both_sexes.tsv,183,88,20,180,266,14,5.532594347139934e-07,0.6766917293233082,True,0.2,500,
436,3955,Morning/evening person (chronotype),2.5,continuous-1180-both_sexes.tsv,179,97,19,180,266,14,6.70039660003433e-07,0.6766917293233082,True,0.2,500,
437,3955,Morning/evening person (chronotype),3.0,continuous-1180-both_sexes.tsv,170,103,17,165,266,14,7.84527679479398e-07,0.6203007518796992,True,0.2,500,
438,3964,Current tobacco smoking,0.5,continuous-1239-both_sexes.tsv,41,12,6,41,48,3,2.7626343220885055e-07,0.8541666666666666,True,0.2,500,
439,3964,Current tobacco smoking,1.0,continuous-1239-both_sexes.tsv,35,16,5,37,48,3,4.332384126658074e-07,0.7708333333333334,True,0.2,500,
440,3964,Current tobacco smoking,1.5,continuous-1239-both_sexes.tsv,34,19,4,34,48,3,5.57170999137175e-07,0.7083333333333334,True,0.2,500,
441,3964,Current tobacco smoking,2.0,continuous-1239-both_sexes.tsv,35,22,4,34,48,3,6.678396446762727e-07,0.7083333333333334,True,0.2,500,
442,3964,Current tobacco smoking,2.5,continuous-1239-both_sexes.tsv,32,22,4,33,48,3,7.726078697635761e-07,0.6875,True,0.2,500,
443,3964,Current tobacco smoking,3.0,continuous-1239-both_sexes.tsv,33,24,4,33,48,3,8.725796298767738e-07,0.6875,True,0.2,500,
444,3965,Past tobacco smoking,0.5,continuous-1249-both_sexes.tsv,100,28,17,96,138,5,2.733843862155476e-07,0.6956521739130435,True,0.2,500,
445,3965,Past tobacco smoking,1.0,continuous-1249-both_sexes.tsv,86,40,11,81,138,5,4.395286270168768e-07,0.5869565217391305,True,0.2,500,
446,3965,Past tobacco smoking,1.5,continuous-1249-both_sexes.tsv,84,49,8,81,138,5,5.709575245350243e-07,0.5869565217391305,True,0.2,500,
447,3965,Past tobacco smoking,2.0,continuous-1249-both_sexes.tsv,74,53,7,74,138,5,6.848127423203752e-07,0.5362318840579711,True,0.2,500,
448,3965,Past tobacco smoking,2.5,continuous-1249-both_sexes.tsv,77,55,6,74,138,5,7.888709972571006e-07,0.5362318840579711,True,0.2,500,
449,3965,Past tobacco smoking,3.0,continuous-1249-both_sexes.tsv,76,58,6,72,138,5,8.84636464908186e-07,0.5217391304347826,True,0.2,500,
450,3966,Smoking/smokers in household,0.5,continuous-1259-both_sexes.tsv,0,0,0,0,1,0,2.721409511507579e-07,1.0,True,0.2,500,
451,3966,Smoking/smokers in household,1.0,continuous-1259-both_sexes.tsv,0,0,0,0,1,0,4.3697592300709e-07,1.0,True,0.2,500,
452,3966,Smoking/smokers in household,1.5,continuous-1259-both_sexes.tsv,0,0,0,0,1,0,5.682555559096454e-07,1.0,True,0.2,500,
453,3966,Smoking/smokers in household,2.0,continuous-1259-both_sexes.tsv,0,0,0,0,1,0,6.828138598213478e-07,1.0,True,0.2,500,
454,3966,Smoking/smokers in household,2.5,continuous-1259-both_sexes.tsv,0,0,0,0,1,0,7.875731650149015e-07,1.0,True,0.2,500,
455,3966,Smoking/smokers in household,3.0,continuous-1259-both_sexes.tsv,0,0,0,0,1,0,8.843314081928926e-07,1.0,True,0.2,500,
456,3969,Cooked vegetable intake,0.5,continuous-1289-both_sexes.tsv,10,0,3,6,7,0,2.1441267649820566e-07,0.8571428571428571,True,0.2,500,
457,3969,Cooked vegetable intake,1.0,continuous-1289-both_sexes.tsv,8,2,1,5,7,0,3.664944095456261e-07,0.7142857142857143,True,0.2,500,
458,3969,Cooked vegetable intake,1.5,continuous-1289-both_sexes.tsv,10,2,1,4,7,0,5.060952293717642e-07,0.5714285714285714,True,0.2,500,
459,3969,Cooked vegetable intake,2.0,continuous-1289-both_sexes.tsv,7,2,1,4,7,0,6.408537710959694e-07,0.5714285714285714,True,0.2,500,
460,3969,Cooked vegetable intake,2.5,continuous-1289-both_sexes.tsv,7,3,1,3,7,0,7.705072794677273e-07,0.4285714285714285,True,0.2,500,
461,3969,Cooked vegetable intake,3.0,continuous-1289-both_sexes.tsv,5,3,1,3,7,0,8.934192756432007e-07,0.4285714285714285,True,0.2,500,
462,3971,Salad / raw vegetable intake,0.5,continuous-1299-both_sexes.tsv,36,12,6,36,41,2,2.282910026137785e-07,0.8780487804878049,True,0.2,500,
463,3971,Salad / raw vegetable intake,1.0,continuous-1299-both_sexes.tsv,36,18,4,33,41,2,3.680463306662138e-07,0.8048780487804879,True,0.2,500,
464,3971,Salad / raw vegetable intake,1.5,continuous-1299-both_sexes.tsv,33,20,2,31,41,2,4.798879652390701e-07,0.7560975609756098,True,0.2,500,
465,3971,Salad / raw vegetable intake,2.0,continuous-1299-both_sexes.tsv,34,23,2,31,41,2,5.790365302128137e-07,0.7560975609756098,True,0.2,500,
466,3971,Salad / raw vegetable intake,2.5,continuous-1299-both_sexes.tsv,35,25,2,31,41,2,6.718515343822011e-07,0.7560975609756098,True,0.2,500,
467,3971,Salad / raw vegetable intake,3.0,continuous-1299-both_sexes.tsv,34,25,2,31,41,2,7.604913806055142e-07,0.7560975609756098,True,0.2,500,
468,3975,Oily fish intake,0.5,continuous-1329-both_sexes.tsv,117,20,34,117,123,8,1.4269817761584307e-07,0.951219512195122,True,0.2,500,
469,3975,Oily fish intake,1.0,continuous-1329-both_sexes.tsv,118,31,22,113,123,8,2.423246710608609e-07,0.91869918699187,True,0.2,500,
470,3975,Oily fish intake,1.5,continuous-1329-both_sexes.tsv,108,42,15,106,123,8,3.306382643383703e-07,0.8617886178861789,True,0.2,500,
471,3975,Oily fish intake,2.0,continuous-1329-both_sexes.tsv,103,51,12,102,123,8,4.1534171969683733e-07,0.8292682926829268,True,0.2,500,
472,3975,Oily fish intake,2.5,continuous-1329-both_sexes.tsv,96,53,10,101,123,8,5.009509653313311e-07,0.8211382113821138,True,0.2,500,
473,3975,Oily fish intake,3.0,continuous-1329-both_sexes.tsv,91,54,10,99,123,8,5.884952944432651e-07,0.8048780487804879,True,0.2,500,
474,3976,Non-oily fish intake,0.5,continuous-1339-both_sexes.tsv,21,5,6,19,21,4,1.7414456830114e-07,0.9047619047619048,True,0.2,500,
475,3976,Non-oily fish intake,1.0,continuous-1339-both_sexes.tsv,19,6,4,19,21,4,2.913620614743597e-07,0.9047619047619048,True,0.2,500,
476,3976,Non-oily fish intake,1.5,continuous-1339-both_sexes.tsv,20,9,5,21,21,4,3.899405687271628e-07,1.0,True,0.2,500,
477,3976,Non-oily fish intake,2.0,continuous-1339-both_sexes.tsv,20,11,5,21,21,4,4.794639043209217e-07,1.0,True,0.2,500,
478,3976,Non-oily fish intake,2.5,continuous-1339-both_sexes.tsv,21,12,5,21,21,4,5.645813214821808e-07,1.0,True,0.2,500,
479,3976,Non-oily fish intake,3.0,continuous-1339-both_sexes.tsv,21,13,5,21,21,4,6.47620623791781e-07,1.0,True,0.2,500,
480,3978,Processed meat intake,0.5,continuous-1349-both_sexes.tsv,24,3,5,24,31,1,2.426272837475106e-07,0.7741935483870968,True,0.2,500,
481,3978,Processed meat intake,1.0,continuous-1349-both_sexes.tsv,19,8,1,18,31,1,4.266053664095906e-07,0.5806451612903226,True,0.2,500,
482,3978,Processed meat intake,1.5,continuous-1349-both_sexes.tsv,20,13,1,16,31,1,5.890535516401541e-07,0.5161290322580645,True,0.2,500,
483,3978,Processed meat intake,2.0,continuous-1349-both_sexes.tsv,21,15,1,16,31,1,7.300557273352396e-07,0.5161290322580645,True,0.2,500,
484,3978,Processed meat intake,2.5,continuous-1349-both_sexes.tsv,19,15,1,16,31,1,8.514265343749695e-07,0.5161290322580645,True,0.2,500,
485,3978,Processed meat intake,3.0,continuous-1349-both_sexes.tsv,21,16,1,17,31,1,9.566113329472368e-07,0.5483870967741935,True,0.2,500,
486,3979,Number of self-reported non-cancer illnesses,0.5,continuous-135-both_sexes.tsv,102,36,37,93,102,17,3.293528748268942e-07,0.9117647058823528,True,0.2,500,
487,3979,Number of self-reported non-cancer illnesses,1.0,continuous-135-both_sexes.tsv,86,46,25,89,102,17,5.12731021457769e-07,0.8725490196078431,True,0.2,500,
488,3979,Number of self-reported non-cancer illnesses,1.5,continuous-135-both_sexes.tsv,81,49,22,87,102,17,6.463387750361028e-07,0.8529411764705882,True,0.2,500,
489,3979,Number of self-reported non-cancer illnesses,2.0,continuous-135-both_sexes.tsv,77,51,19,89,102,17,7.555287959224354e-07,0.8725490196078431,True,0.2,500,
490,3979,Number of self-reported non-cancer illnesses,2.5,continuous-135-both_sexes.tsv,77,56,18,88,102,17,8.50579184902273e-07,0.8627450980392157,True,0.2,500,
491,3979,Number of self-reported non-cancer illnesses,3.0,continuous-135-both_sexes.tsv,76,56,17,88,102,17,9.359450544862428e-07,0.8627450980392157,True,0.2,500,
492,3986,Cheese intake,0.5,continuous-1408-both_sexes.tsv,85,22,22,76,86,7,2.142668063818945e-07,0.8837209302325582,True,0.2,500,
493,3986,Cheese intake,1.0,continuous-1408-both_sexes.tsv,81,33,10,71,86,7,3.513694930860304e-07,0.8255813953488372,True,0.2,500,
494,3986,Cheese intake,1.5,continuous-1408-both_sexes.tsv,77,38,9,67,86,7,4.650361407221032e-07,0.7790697674418605,True,0.2,500,
495,3986,Cheese intake,2.0,continuous-1408-both_sexes.tsv,78,40,9,66,86,7,5.645326561140767e-07,0.7674418604651163,True,0.2,500,
496,3986,Cheese intake,2.5,continuous-1408-both_sexes.tsv,75,43,8,66,86,7,6.554007060325183e-07,0.7674418604651163,True,0.2,500,
497,3986,Cheese intake,3.0,continuous-1408-both_sexes.tsv,74,44,8,64,86,7,7.407847093513455e-07,0.7441860465116279,True,0.2,500,
498,3989,Salt added to food,0.5,continuous-1478-both_sexes.tsv,132,26,28,131,151,6,2.0927265103669606e-07,0.8675496688741722,True,0.2,500,
499,3989,Salt added to food,1.0,continuous-1478-both_sexes.tsv,113,38,17,116,151,6,3.338159680015385e-07,0.7682119205298014,True,0.2,500,
500,3989,Salt added to food,1.5,continuous-1478-both_sexes.tsv,108,47,13,110,151,6,4.398273739584362e-07,0.7284768211920529,True,0.2,500,
501,3989,Salt added to food,2.0,continuous-1478-both_sexes.tsv,97,50,12,101,151,6,5.396371462234141e-07,0.6688741721854304,True,0.2,500,
502,3989,Salt added to food,2.5,continuous-1478-both_sexes.tsv,89,53,11,91,151,6,6.374214687227583e-07,0.6026490066225165,True,0.2,500,
503,3989,Salt added to food,3.0,continuous-1478-both_sexes.tsv,84,57,8,88,151,6,7.328933356748395e-07,0.5827814569536424,True,0.2,500,
504,3991,Coffee intake,0.5,continuous-1498-both_sexes.tsv,79,16,35,94,100,7,1.84627353272491e-07,0.94,True,0.2,500,
505,3991,Coffee intake,1.0,continuous-1498-both_sexes.tsv,65,21,16,91,100,7,3.1979180125742586e-07,0.91,True,0.2,500,
506,3991,Coffee intake,1.5,continuous-1498-both_sexes.tsv,55,26,12,85,100,7,4.466074328581992e-07,0.85,True,0.2,500,
507,3991,Coffee intake,2.0,continuous-1498-both_sexes.tsv,51,29,11,80,100,7,5.686854680943749e-07,0.8,True,0.2,500,
508,3991,Coffee intake,2.5,continuous-1498-both_sexes.tsv,52,32,11,79,100,7,6.869304765265143e-07,0.79,True,0.2,500,
509,3991,Coffee intake,3.0,continuous-1498-both_sexes.tsv,52,33,10,78,100,7,8.003015212747943e-07,0.78,True,0.2,500,
510,3994,Variation in diet,0.5,continuous-1548-both_sexes.tsv,12,1,2,10,15,1,2.1900999962874395e-07,0.6666666666666666,True,0.2,500,
511,3994,Variation in diet,1.0,continuous-1548-both_sexes.tsv,8,3,1,7,15,1,3.752694747394934e-07,0.4666666666666667,True,0.2,500,
512,3994,Variation in diet,1.5,continuous-1548-both_sexes.tsv,11,4,0,8,15,1,5.110377877723027e-07,0.5333333333333333,True,0.2,500,
513,3994,Variation in diet,2.0,continuous-1548-both_sexes.tsv,12,6,0,8,15,1,6.305507714835194e-07,0.5333333333333333,True,0.2,500,
514,3994,Variation in diet,2.5,continuous-1548-both_sexes.tsv,13,7,0,8,15,1,7.37771861015537e-07,0.5333333333333333,True,0.2,500,
515,3994,Variation in diet,3.0,continuous-1548-both_sexes.tsv,14,8,0,8,15,1,8.350863197556224e-07,0.5333333333333333,True,0.2,500,
516,3998,Average weekly beer plus cider intake,0.5,continuous-1588-both_sexes.tsv,18,2,5,18,22,0,1.6874637441667917e-07,0.8181818181818182,True,0.2,500,
517,3998,Average weekly beer plus cider intake,1.0,continuous-1588-both_sexes.tsv,21,2,2,17,22,0,2.909130195282723e-07,0.7727272727272727,True,0.2,500,
518,3998,Average weekly beer plus cider intake,1.5,continuous-1588-both_sexes.tsv,17,2,2,14,22,0,4.0517249396054157e-07,0.6363636363636364,True,0.2,500,
519,3998,Average weekly beer plus cider intake,2.0,continuous-1588-both_sexes.tsv,11,3,2,7,22,0,5.15149634125514e-07,0.3181818181818182,True,0.2,500,
520,3998,Average weekly beer plus cider intake,2.5,continuous-1588-both_sexes.tsv,13,5,0,7,22,0,6.219426411646869e-07,0.3181818181818182,True,0.2,500,
521,3998,Average weekly beer plus cider intake,3.0,continuous-1588-both_sexes.tsv,11,5,0,5,22,0,7.255472919652183e-07,0.2272727272727272,True,0.2,500,
522,4003,Comparative height size at age 10,0.5,continuous-1697-both_sexes.tsv,2248,464,868,2665,2784,232,1.9930591048713155e-07,0.9572557471264368,True,0.2,500,
523,4003,Comparative height size at age 10,1.0,continuous-1697-both_sexes.tsv,1931,701,482,2556,2784,232,3.57073482093689e-07,0.918103448275862,True,0.2,500,
524,4003,Comparative height size at age 10,1.5,continuous-1697-both_sexes.tsv,1713,856,367,2475,2784,232,5.133689173008093e-07,0.8890086206896551,True,0.2,500,
525,4003,Comparative height size at age 10,2.0,continuous-1697-both_sexes.tsv,1603,964,320,2427,2784,232,6.67782933715092e-07,0.8717672413793104,True,0.2,500,
526,4003,Comparative height size at age 10,2.5,continuous-1697-both_sexes.tsv,1531,1027,289,2367,2784,232,8.16415629741086e-07,0.8502155172413793,True,0.2,500,
527,4003,Comparative height size at age 10,3.0,continuous-1697-both_sexes.tsv,1463,1076,264,2300,2784,232,9.545014756942332e-07,0.8261494252873564,True,0.2,500,
528,4004,Skin colour,0.5,continuous-1717-both_sexes.tsv,738,151,252,1135,1152,62,2.195576210082169e-07,0.9852430555555556,True,0.2,500,
529,4004,Skin colour,1.0,continuous-1717-both_sexes.tsv,603,198,161,1122,1152,62,3.467615155370971e-07,0.9739583333333334,True,0.2,500,
530,4004,Skin colour,1.5,continuous-1717-both_sexes.tsv,537,226,130,1093,1152,62,4.496252972091992e-07,0.9487847222222222,True,0.2,500,
531,4004,Skin colour,2.0,continuous-1717-both_sexes.tsv,496,244,108,1088,1152,62,5.428945574818623e-07,0.9444444444444444,True,0.2,500,
532,4004,Skin colour,2.5,continuous-1717-both_sexes.tsv,470,262,96,1074,1152,62,6.312111370253477e-07,0.9322916666666666,True,0.2,500,
533,4004,Skin colour,3.0,continuous-1717-both_sexes.tsv,454,270,89,1070,1152,62,7.165676036554068e-07,0.9288194444444444,True,0.2,500,
534,4007,Facial ageing,0.5,continuous-1757-both_sexes.tsv,115,32,34,129,145,11,2.656184438465723e-07,0.8896551724137931,True,0.2,500,
535,4007,Facial ageing,1.0,continuous-1757-both_sexes.tsv,102,39,23,125,145,11,4.232340213659814e-07,0.8620689655172413,True,0.2,500,
536,4007,Facial ageing,1.5,continuous-1757-both_sexes.tsv,104,44,19,118,145,11,5.534339468521919e-07,0.8137931034482758,True,0.2,500,
537,4007,Facial ageing,2.0,continuous-1757-both_sexes.tsv,100,52,17,117,145,11,6.683289861936433e-07,0.8068965517241379,True,0.2,500,
538,4007,Facial ageing,2.5,continuous-1757-both_sexes.tsv,99,59,15,111,145,11,7.726730765064239e-07,0.7655172413793103,True,0.2,500,
539,4007,Facial ageing,3.0,continuous-1757-both_sexes.tsv,97,62,13,111,145,11,8.685651042329734e-07,0.7655172413793103,True,0.2,500,
540,4017,Interpolated Year when operation took place,0.5,,,,,,,,,,,,,
541,4017,Interpolated Year when operation took place,1.0,,,,,,,,,,,,,
542,4017,Interpolated Year when operation took place,1.5,,,,,,,,,,,,,
543,4017,Interpolated Year when operation took place,2.0,,,,,,,,,,,,,
544,4017,Interpolated Year when operation took place,2.5,,,,,,,,,,,,,
545,4017,Interpolated Year when operation took place,3.0,,,,,,,,,,,,,
546,4024,Birth weight,0.5,continuous-20022-both_sexes-irnt.tsv,239,56,77,221,243,23,2.2490050707494097e-07,0.9094650205761317,True,0.2,500,
547,4024,Birth weight,1.0,continuous-20022-both_sexes-irnt.tsv,217,75,50,213,243,23,3.8956157969348563e-07,0.8765432098765432,True,0.2,500,
548,4024,Birth weight,1.5,continuous-20022-both_sexes-irnt.tsv,203,93,40,202,243,23,5.360281462847054e-07,0.831275720164609,True,0.2,500,
549,4024,Birth weight,2.0,continuous-20022-both_sexes-irnt.tsv,197,110,34,193,243,23,6.681533696301084e-07,0.7942386831275721,True,0.2,500,
550,4024,Birth weight,2.5,continuous-20022-both_sexes-irnt.tsv,191,120,30,182,243,23,7.900798889832155e-07,0.7489711934156379,True,0.2,500,
551,4024,Birth weight,3.0,continuous-20022-both_sexes-irnt.tsv,187,127,29,178,243,23,9.0266236209275e-07,0.7325102880658436,True,0.2,500,
552,4042,Frequency of feeling guilt or remorse after drinking alcohol in last year,0.5,continuous-20409-both_sexes.tsv,0,0,0,0,2,0,1.8507401717815002e-07,1.0,True,0.2,500,
553,4042,Frequency of feeling guilt or remorse after drinking alcohol in last year,1.0,continuous-20409-both_sexes.tsv,0,0,0,0,2,0,3.214899628038763e-07,1.0,True,0.2,500,
554,4042,Frequency of feeling guilt or remorse after drinking alcohol in last year,1.5,continuous-20409-both_sexes.tsv,0,0,0,0,2,0,4.462308312280458e-07,1.0,True,0.2,500,
555,4042,Frequency of feeling guilt or remorse after drinking alcohol in last year,2.0,continuous-20409-both_sexes.tsv,0,0,0,0,2,0,5.667487922215005e-07,1.0,True,0.2,500,
556,4042,Frequency of feeling guilt or remorse after drinking alcohol in last year,2.5,continuous-20409-both_sexes.tsv,0,0,0,0,2,0,6.862321906499101e-07,1.0,True,0.2,500,
557,4042,Frequency of feeling guilt or remorse after drinking alcohol in last year,3.0,continuous-20409-both_sexes.tsv,0,0,0,0,2,0,8.02501372970698e-07,1.0,True,0.2,500,
558,4069,Ever contemplated self-harm,0.5,,,,,,,,,,,,,
559,4069,Ever contemplated self-harm,1.0,,,,,,,,,,,,,
560,4069,Ever contemplated self-harm,1.5,,,,,,,,,,,,,
561,4069,Ever contemplated self-harm,2.0,,,,,,,,,,,,,
562,4069,Ever contemplated self-harm,2.5,,,,,,,,,,,,,
563,4069,Ever contemplated self-harm,3.0,,,,,,,,,,,,,
564,4080,Felt very upset when reminded of stressful experience in past month,0.5,continuous-20498-both_sexes.tsv,5,1,2,5,6,1,1.7419366234107864e-07,0.8333333333333334,True,0.2,500,
565,4080,Felt very upset when reminded of stressful experience in past month,1.0,continuous-20498-both_sexes.tsv,5,2,1,5,6,1,2.9151262028928173e-07,0.8333333333333334,True,0.2,500,
566,4080,Felt very upset when reminded of stressful experience in past month,1.5,continuous-20498-both_sexes.tsv,4,2,1,5,6,1,3.926520234317133e-07,0.8333333333333334,True,0.2,500,
567,4080,Felt very upset when reminded of stressful experience in past month,2.0,continuous-20498-both_sexes.tsv,4,3,1,4,6,1,4.903447059551946e-07,0.6666666666666666,True,0.2,500,
568,4080,Felt very upset when reminded of stressful experience in past month,2.5,continuous-20498-both_sexes.tsv,5,3,1,4,6,1,5.887185813809249e-07,0.6666666666666666,True,0.2,500,
569,4080,Felt very upset when reminded of stressful experience in past month,3.0,continuous-20498-both_sexes.tsv,5,3,1,4,6,1,6.877961034483666e-07,0.6666666666666666,True,0.2,500,
570,4085,Recent trouble concentrating on things,0.5,continuous-20508-both_sexes.tsv,2,0,0,0,0,0,2.033107086154943e-07,1.0,True,0.2,500,
571,4085,Recent trouble concentrating on things,1.0,continuous-20508-both_sexes.tsv,2,0,0,0,0,0,3.481219502885381e-07,1.0,True,0.2,500,
572,4085,Recent trouble concentrating on things,1.5,continuous-20508-both_sexes.tsv,2,0,0,0,0,0,4.814539979203522e-07,1.0,True,0.2,500,
573,4085,Recent trouble concentrating on things,2.0,continuous-20508-both_sexes.tsv,3,1,0,0,0,0,6.103233592761532e-07,1.0,True,0.2,500,
574,4085,Recent trouble concentrating on things,2.5,continuous-20508-both_sexes.tsv,3,1,0,0,0,0,7.348266005615561e-07,1.0,True,0.2,500,
575,4085,Recent trouble concentrating on things,3.0,continuous-20508-both_sexes.tsv,3,1,0,0,0,0,8.540171664193219e-07,1.0,True,0.2,500,
576,4092,Recent trouble relaxing,0.5,continuous-20515-both_sexes.tsv,1,0,0,1,1,0,1.9115955366386746e-07,1.0,True,0.2,500,
577,4092,Recent trouble relaxing,1.0,continuous-20515-both_sexes.tsv,1,0,0,1,1,0,3.164874096401342e-07,1.0,True,0.2,500,
578,4092,Recent trouble relaxing,1.5,continuous-20515-both_sexes.tsv,1,0,0,1,1,0,4.2578465343444165e-07,1.0,True,0.2,500,
579,4092,Recent trouble relaxing,2.0,continuous-20515-both_sexes.tsv,1,0,0,1,1,0,5.332280944349153e-07,1.0,True,0.2,500,
580,4092,Recent trouble relaxing,2.5,continuous-20515-both_sexes.tsv,1,0,0,1,1,0,6.420834274749419e-07,1.0,True,0.2,500,
581,4092,Recent trouble relaxing,3.0,continuous-20515-both_sexes.tsv,0,0,0,0,1,0,7.511137243785935e-07,1.0,True,0.2,500,
582,4096,Recent feelings of tiredness or low energy,0.5,continuous-20519-both_sexes.tsv,4,1,2,3,4,1,2.397879373185196e-07,0.75,True,0.2,500,
583,4096,Recent feelings of tiredness or low energy,1.0,continuous-20519-both_sexes.tsv,2,1,1,2,4,1,4.095564246626843e-07,0.5,True,0.2,500,
584,4096,Recent feelings of tiredness or low energy,1.5,continuous-20519-both_sexes.tsv,3,2,1,2,4,1,5.647341784729167e-07,0.5,True,0.2,500,
585,4096,Recent feelings of tiredness or low energy,2.0,continuous-20519-both_sexes.tsv,3,2,1,2,4,1,7.08432641293686e-07,0.5,True,0.2,500,
586,4096,Recent feelings of tiredness or low energy,2.5,continuous-20519-both_sexes.tsv,3,2,1,2,4,1,8.404073944307118e-07,0.5,True,0.2,500,
587,4096,Recent feelings of tiredness or low energy,3.0,continuous-20519-both_sexes.tsv,3,2,1,2,4,1,9.600457532019896e-07,0.5,True,0.2,500,
588,4097,Recent worrying too much about different things,0.5,continuous-20520-both_sexes.tsv,1,0,1,1,1,0,1.8511013346858059e-07,1.0,True,0.2,500,
589,4097,Recent worrying too much about different things,1.0,continuous-20520-both_sexes.tsv,1,0,0,1,1,0,3.215301064354853e-07,1.0,True,0.2,500,
590,4097,Recent worrying too much about different things,1.5,continuous-20520-both_sexes.tsv,0,0,0,0,1,0,4.462927874564857e-07,1.0,True,0.2,500,
591,4097,Recent worrying too much about different things,2.0,continuous-20520-both_sexes.tsv,0,0,0,0,1,0,5.670288804723358e-07,1.0,True,0.2,500,
592,4097,Recent worrying too much about different things,2.5,continuous-20520-both_sexes.tsv,1,0,0,0,1,0,6.863488796599164e-07,0.0,True,0.2,500,
593,4097,Recent worrying too much about different things,3.0,continuous-20520-both_sexes.tsv,0,0,0,0,1,0,8.028098288739291e-07,1.0,True,0.2,500,
594,4115,Overall health rating,0.5,continuous-2178-both_sexes.tsv,163,35,41,148,174,12,2.1147114196345425e-07,0.8505747126436781,True,0.2,500,
595,4115,Overall health rating,1.0,continuous-2178-both_sexes.tsv,139,45,24,136,174,12,3.6516780928710724e-07,0.7816091954022989,True,0.2,500,
596,4115,Overall health rating,1.5,continuous-2178-both_sexes.tsv,131,57,16,128,174,12,5.007202665100962e-07,0.735632183908046,True,0.2,500,
597,4115,Overall health rating,2.0,continuous-2178-both_sexes.tsv,118,69,13,121,174,12,6.224453269908464e-07,0.6954022988505747,True,0.2,500,
598,4115,Overall health rating,2.5,continuous-2178-both_sexes.tsv,116,73,12,119,174,12,7.338783405465724e-07,0.6839080459770115,True,0.2,500,
599,4115,Overall health rating,3.0,continuous-2178-both_sexes.tsv,114,80,10,118,174,12,8.359519986532517e-07,0.6781609195402298,True,0.2,500,
600,4120,Age started wearing glasses or contact lenses,0.5,continuous-2217-both_sexes-irnt.tsv,127,26,30,119,124,8,2.0695298451932194e-07,0.9596774193548387,True,0.2,500,
601,4120,Age started wearing glasses or contact lenses,1.0,continuous-2217-both_sexes-irnt.tsv,103,33,17,110,124,8,3.261328969831397e-07,0.8870967741935484,True,0.2,500,
602,4120,Age started wearing glasses or contact lenses,1.5,continuous-2217-both_sexes-irnt.tsv,85,39,15,97,124,8,4.266727955371817e-07,0.782258064516129,True,0.2,500,
603,4120,Age started wearing glasses or contact lenses,2.0,continuous-2217-both_sexes-irnt.tsv,79,41,13,97,124,8,5.247093501508089e-07,0.782258064516129,True,0.2,500,
604,4120,Age started wearing glasses or contact lenses,2.5,continuous-2217-both_sexes-irnt.tsv,77,47,12,97,124,8,6.242518116922176e-07,0.782258064516129,True,0.2,500,
605,4120,Age started wearing glasses or contact lenses,3.0,continuous-2217-both_sexes-irnt.tsv,78,53,12,96,124,8,7.255734389319789e-07,0.7741935483870968,True,0.2,500,
606,4122,Plays computer games,0.5,continuous-2237-both_sexes.tsv,61,7,21,52,57,2,1.660761311110222e-07,0.912280701754386,True,0.2,500,
607,4122,Plays computer games,1.0,continuous-2237-both_sexes.tsv,58,9,12,50,57,2,2.742236363502913e-07,0.8771929824561403,True,0.2,500,
608,4122,Plays computer games,1.5,continuous-2237-both_sexes.tsv,53,15,8,49,57,2,3.684054424873503e-07,0.8596491228070176,True,0.2,500,
609,4122,Plays computer games,2.0,continuous-2237-both_sexes.tsv,49,20,7,46,57,2,4.602891603443947e-07,0.8070175438596491,True,0.2,500,
610,4122,Plays computer games,2.5,continuous-2237-both_sexes.tsv,52,22,6,45,57,2,5.537415501317678e-07,0.7894736842105263,True,0.2,500,
611,4122,Plays computer games,3.0,continuous-2237-both_sexes.tsv,51,29,3,43,57,2,6.489443542430541e-07,0.7543859649122807,True,0.2,500,
612,4147,Use of sun/uv protection,0.5,continuous-2267-both_sexes.tsv,126,46,27,173,185,13,2.6561869988472534e-07,0.9351351351351352,True,0.2,500,
613,4147,Use of sun/uv protection,1.0,continuous-2267-both_sexes.tsv,106,57,19,170,185,13,4.232341475019055e-07,0.918918918918919,True,0.2,500,
614,4147,Use of sun/uv protection,1.5,continuous-2267-both_sexes.tsv,104,64,18,169,185,13,5.534352141189417e-07,0.9135135135135136,True,0.2,500,
615,4147,Use of sun/uv protection,2.0,continuous-2267-both_sexes.tsv,94,68,17,163,185,13,6.68330418679453e-07,0.8810810810810811,True,0.2,500,
616,4147,Use of sun/uv protection,2.5,continuous-2267-both_sexes.tsv,94,71,15,163,185,13,7.726746298818516e-07,0.8810810810810811,True,0.2,500,
617,4147,Use of sun/uv protection,3.0,continuous-2267-both_sexes.tsv,92,75,14,162,185,13,8.685667442329023e-07,0.8756756756756757,True,0.2,500,
618,4162,Frequency of solarium/sunlamp use,0.5,continuous-2277-both_sexes.tsv,2,0,1,1,1,0,2.362224736893481e-07,1.0,True,0.2,500,
619,4162,Frequency of solarium/sunlamp use,1.0,continuous-2277-both_sexes.tsv,2,0,0,1,1,0,3.710794700262904e-07,1.0,True,0.2,500,
620,4162,Frequency of solarium/sunlamp use,1.5,continuous-2277-both_sexes.tsv,1,0,0,1,1,0,4.811477341345233e-07,1.0,True,0.2,500,
621,4162,Frequency of solarium/sunlamp use,2.0,continuous-2277-both_sexes.tsv,1,0,0,1,1,0,5.816036056351401e-07,1.0,True,0.2,500,
622,4162,Frequency of solarium/sunlamp use,2.5,continuous-2277-both_sexes.tsv,2,1,0,1,1,0,6.777407914197028e-07,1.0,True,0.2,500,
623,4162,Frequency of solarium/sunlamp use,3.0,continuous-2277-both_sexes.tsv,2,1,0,1,1,0,7.703582745051803e-07,1.0,True,0.2,500,
624,4245,Mean corpuscular volume,0.5,continuous-30040-both_sexes-irnt.tsv,2601,532,988,3220,3288,230,2.396635189598577e-07,0.9793187347931872,True,0.2,500,
625,4245,Mean corpuscular volume,1.0,continuous-30040-both_sexes-irnt.tsv,2193,736,599,3176,3288,230,3.780740190331352e-07,0.9659367396593674,True,0.2,500,
626,4245,Mean corpuscular volume,1.5,continuous-30040-both_sexes-irnt.tsv,1976,852,463,3137,3288,230,4.847863348203804e-07,0.9540754257907542,True,0.2,500,
627,4245,Mean corpuscular volume,2.0,continuous-30040-both_sexes-irnt.tsv,1835,919,385,3110,3288,230,5.797508939134085e-07,0.9458637469586376,True,0.2,500,
628,4245,Mean corpuscular volume,2.5,continuous-30040-both_sexes-irnt.tsv,1763,994,347,3084,3288,230,6.699964048835515e-07,0.937956204379562,True,0.2,500,
629,4245,Mean corpuscular volume,3.0,continuous-30040-both_sexes-irnt.tsv,1711,1039,323,3067,3288,230,7.588558567533506e-07,0.9327858880778588,True,0.2,500,
630,4247,Mean corpuscular haemoglobin concentration,0.5,continuous-30060-both_sexes-irnt.tsv,445,103,168,538,544,53,2.1615605462556573e-07,0.9889705882352942,True,0.2,500,
631,4247,Mean corpuscular haemoglobin concentration,1.0,continuous-30060-both_sexes-irnt.tsv,380,138,110,533,544,53,3.459376173939729e-07,0.9797794117647058,True,0.2,500,
632,4247,Mean corpuscular haemoglobin concentration,1.5,continuous-30060-both_sexes-irnt.tsv,355,171,92,533,544,53,4.4662371514007166e-07,0.9797794117647058,True,0.2,500,
633,4247,Mean corpuscular haemoglobin concentration,2.0,continuous-30060-both_sexes-irnt.tsv,337,184,82,532,544,53,5.360917041159986e-07,0.9779411764705882,True,0.2,500,
634,4247,Mean corpuscular haemoglobin concentration,2.5,continuous-30060-both_sexes-irnt.tsv,330,191,79,529,544,53,6.210337054105012e-07,0.9724264705882352,True,0.2,500,
635,4247,Mean corpuscular haemoglobin concentration,3.0,continuous-30060-both_sexes-irnt.tsv,320,199,74,524,544,53,7.038878606628634e-07,0.9632352941176472,True,0.2,500,
636,4251,Mean platelet (thrombocyte) volume,0.5,continuous-30100-both_sexes-irnt.tsv,,,,,,,,,,,,
637,4251,Mean platelet (thrombocyte) volume,1.0,continuous-30100-both_sexes-irnt.tsv,3234,1080,912,5062,5271,340,3.16434989876828e-07,0.9603490798709924,True,0.2,500,
638,4251,Mean platelet (thrombocyte) volume,1.5,continuous-30100-both_sexes-irnt.tsv,2875,1281,686,5015,5271,340,4.302313173309235e-07,0.9514323657749952,True,0.2,500,
639,4251,Mean platelet (thrombocyte) volume,2.0,continuous-30100-both_sexes-irnt.tsv,2700,1433,581,4975,5271,340,5.349651408174605e-07,0.9438436729273384,True,0.2,500,
640,4251,Mean platelet (thrombocyte) volume,2.5,continuous-30100-both_sexes-irnt.tsv,2590,1543,514,4927,5271,340,6.353406607288473e-07,0.93473724151015,True,0.2,500,
641,4251,Mean platelet (thrombocyte) volume,3.0,continuous-30100-both_sexes-irnt.tsv,2486,1628,469,4886,5271,340,7.327077920743813e-07,0.9269588313413014,True,0.2,500,
642,4256,Eosinophill count,0.5,continuous-30150-both_sexes-irnt.tsv,2012,352,824,2487,2548,182,1.575953344955315e-07,0.9760596546310832,True,0.2,500,
643,4256,Eosinophill count,1.0,continuous-30150-both_sexes-irnt.tsv,1700,522,462,2446,2548,182,2.767561464198751e-07,0.9599686028257456,True,0.2,500,
644,4256,Eosinophill count,1.5,continuous-30150-both_sexes-irnt.tsv,1521,611,340,2411,2548,182,3.7594395924064484e-07,0.946232339089482,True,0.2,500,
645,4256,Eosinophill count,2.0,continuous-30150-both_sexes-irnt.tsv,1400,694,290,2380,2548,182,4.6731841695380643e-07,0.934065934065934,True,0.2,500,
646,4256,Eosinophill count,2.5,continuous-30150-both_sexes-irnt.tsv,1324,750,265,2348,2548,182,5.583719002088768e-07,0.9215070643642072,True,0.2,500,
647,4256,Eosinophill count,3.0,continuous-30150-both_sexes-irnt.tsv,1281,792,244,2332,2548,182,6.527136368174103e-07,0.9152276295133438,True,0.2,500,
648,4259,Lymphocyte percentage,0.5,continuous-30180-both_sexes-irnt.tsv,1369,328,530,1520,1583,147,3.0607672712093845e-07,0.9602021478205938,True,0.2,500,
649,4259,Lymphocyte percentage,1.0,continuous-30180-both_sexes-irnt.tsv,1203,429,327,1484,1583,147,4.953622368544834e-07,0.9374605180037904,True,0.2,500,
650,4259,Lymphocyte percentage,1.5,continuous-30180-both_sexes-irnt.tsv,1133,496,277,1449,1583,147,6.41007899567889e-07,0.9153506001263424,True,0.2,500,
651,4259,Lymphocyte percentage,2.0,continuous-30180-both_sexes-irnt.tsv,1060,550,239,1421,1583,147,7.6313168942026e-07,0.897662665824384,True,0.2,500,
652,4259,Lymphocyte percentage,2.5,continuous-30180-both_sexes-irnt.tsv,1007,584,223,1400,1583,147,8.692473792551788e-07,0.8843967150979154,True,0.2,500,
653,4259,Lymphocyte percentage,3.0,continuous-30180-both_sexes-irnt.tsv,982,608,205,1381,1583,147,9.636339853868288e-07,0.8723941882501579,True,0.2,500,
654,4260,Monocyte percentage,0.5,continuous-30190-both_sexes-irnt.tsv,1674,491,518,2259,2367,157,4.498997945429743e-07,0.9543726235741444,True,0.2,500,
655,4260,Monocyte percentage,1.0,continuous-30190-both_sexes-irnt.tsv,1453,613,350,2211,2367,157,6.719887868813706e-07,0.9340937896070975,True,0.2,500,
656,4260,Monocyte percentage,1.5,continuous-30190-both_sexes-irnt.tsv,1348,676,301,2183,2367,157,8.259141671833533e-07,0.9222644697929868,True,0.2,500,
657,4260,Monocyte percentage,2.0,continuous-30190-both_sexes-irnt.tsv,1287,716,274,2167,2367,157,9.46931777859848e-07,0.915504858470638,True,0.2,500,
658,4260,Monocyte percentage,2.5,continuous-30190-both_sexes-irnt.tsv,1256,751,261,2151,2367,157,1.0489549728532256e-06,0.908745247148289,True,0.2,500,
659,4260,Monocyte percentage,3.0,continuous-30190-both_sexes-irnt.tsv,1227,779,239,2141,2367,157,1.1375207869689082e-06,0.9045204900718208,True,0.2,500,
660,4269,Immature reticulocyte fraction,0.5,continuous-30280-both_sexes-irnt.tsv,1093,208,494,1301,1332,104,1.4550175259523366e-07,0.9767267267267268,True,0.2,500,
661,4269,Immature reticulocyte fraction,1.0,continuous-30280-both_sexes-irnt.tsv,955,297,289,1281,1332,104,2.495112097384066e-07,0.9617117117117115,True,0.2,500,
662,4269,Immature reticulocyte fraction,1.5,continuous-30280-both_sexes-irnt.tsv,884,347,219,1267,1332,104,3.321469242264528e-07,0.9512012012012012,True,0.2,500,
663,4269,Immature reticulocyte fraction,2.0,continuous-30280-both_sexes-irnt.tsv,832,398,178,1255,1332,104,4.075760165277149e-07,0.9421921921921922,True,0.2,500,
664,4269,Immature reticulocyte fraction,2.5,continuous-30280-both_sexes-irnt.tsv,804,431,169,1232,1332,104,4.844319873450469e-07,0.924924924924925,True,0.2,500,
665,4269,Immature reticulocyte fraction,3.0,continuous-30280-both_sexes-irnt.tsv,791,456,163,1226,1332,104,5.641089151623043e-07,0.9204204204204204,True,0.2,500,
666,4274,Potassium in urine,0.5,continuous-30520-both_sexes-irnt.tsv,31,5,13,36,41,4,1.946752413442478e-07,0.8780487804878049,True,0.2,500,
667,4274,Potassium in urine,1.0,continuous-30520-both_sexes-irnt.tsv,29,15,5,33,41,4,3.181240484208093e-07,0.8048780487804879,True,0.2,500,
668,4274,Potassium in urine,1.5,continuous-30520-both_sexes-irnt.tsv,28,18,4,33,41,4,4.2535594163110237e-07,0.8048780487804879,True,0.2,500,
669,4274,Potassium in urine,2.0,continuous-30520-both_sexes-irnt.tsv,30,21,4,32,41,4,5.303838075608251e-07,0.7804878048780488,True,0.2,500,
670,4274,Potassium in urine,2.5,continuous-30520-both_sexes-irnt.tsv,33,24,4,33,41,4,6.364749397261962e-07,0.8048780487804879,True,0.2,500,
671,4274,Potassium in urine,3.0,continuous-30520-both_sexes-irnt.tsv,34,26,4,32,41,4,7.43434910527737e-07,0.7804878048780488,True,0.2,500,
672,4283,Heel bone mineral density (BMD),0.5,continuous-3148-both_sexes-irnt.tsv,1361,228,388,1830,1913,77,2.638749390799483e-07,0.9566126502875064,True,0.2,500,
673,4283,Heel bone mineral density (BMD),1.0,continuous-3148-both_sexes-irnt.tsv,1136,328,232,1782,1913,77,4.16513183566531e-07,0.9315211709357032,True,0.2,500,
674,4283,Heel bone mineral density (BMD),1.5,continuous-3148-both_sexes-irnt.tsv,1010,388,169,1743,1913,77,5.37689826180284e-07,0.9111343439623628,True,0.2,500,
675,4283,Heel bone mineral density (BMD),2.0,continuous-3148-both_sexes-irnt.tsv,931,414,153,1719,1913,77,6.464436796118745e-07,0.898588604286461,True,0.2,500,
676,4283,Heel bone mineral density (BMD),2.5,continuous-3148-both_sexes-irnt.tsv,888,434,138,1669,1913,77,7.480778435919537e-07,0.8724516466283324,True,0.2,500,
677,4283,Heel bone mineral density (BMD),3.0,continuous-3148-both_sexes-irnt.tsv,848,457,121,1638,1913,77,8.445826887613559e-07,0.8562467328802927,True,0.2,500,
678,4314,Number of correct matches in round,0.5,,,,,,,,,,,,,
679,4314,Number of correct matches in round,1.0,,,,,,,,,,,,,
680,4314,Number of correct matches in round,1.5,,,,,,,,,,,,,
681,4314,Number of correct matches in round,2.0,,,,,,,,,,,,,
682,4314,Number of correct matches in round,2.5,,,,,,,,,,,,,
683,4314,Number of correct matches in round,3.0,,,,,,,,,,,,,
684,4317,Time to complete round,0.5,continuous-400-both_sexes-irnt.tsv,154,54,31,151,173,20,2.0670115776489672e-07,0.8728323699421965,True,0.2,500,
685,4317,Time to complete round,1.0,continuous-400-both_sexes-irnt.tsv,143,70,20,142,173,20,3.424907380771432e-07,0.8208092485549133,True,0.2,500,
686,4317,Time to complete round,1.5,continuous-400-both_sexes-irnt.tsv,136,78,17,138,173,20,4.662218300339005e-07,0.7976878612716763,True,0.2,500,
687,4317,Time to complete round,2.0,continuous-400-both_sexes-irnt.tsv,136,86,16,136,173,20,5.833501118984066e-07,0.7861271676300579,True,0.2,500,
688,4317,Time to complete round,2.5,continuous-400-both_sexes-irnt.tsv,136,95,16,135,173,20,6.953561293455969e-07,0.7803468208092486,True,0.2,500,
689,4317,Time to complete round,3.0,continuous-400-both_sexes-irnt.tsv,140,104,16,134,173,20,8.014853133766056e-07,0.7745664739884393,True,0.2,500,
690,4336,"Heel bone mineral density (BMD) T-score, automated (right)",0.5,continuous-4125-both_sexes-irnt.tsv,617,99,178,758,786,38,2.639177660048429e-07,0.9643765903307888,True,0.2,500,
691,4336,"Heel bone mineral density (BMD) T-score, automated (right)",1.0,continuous-4125-both_sexes-irnt.tsv,517,133,114,728,786,38,4.1647602485131693e-07,0.926208651399491,True,0.2,500,
692,4336,"Heel bone mineral density (BMD) T-score, automated (right)",1.5,continuous-4125-both_sexes-irnt.tsv,446,154,88,701,786,38,5.376503408010452e-07,0.8918575063613231,True,0.2,500,
693,4336,"Heel bone mineral density (BMD) T-score, automated (right)",2.0,continuous-4125-both_sexes-irnt.tsv,416,173,78,693,786,38,6.463985247455392e-07,0.8816793893129771,True,0.2,500,
694,4336,"Heel bone mineral density (BMD) T-score, automated (right)",2.5,continuous-4125-both_sexes-irnt.tsv,401,190,71,684,786,38,7.480346993917925e-07,0.8702290076335878,True,0.2,500,
695,4336,"Heel bone mineral density (BMD) T-score, automated (right)",3.0,continuous-4125-both_sexes-irnt.tsv,383,204,63,670,786,38,8.44811349207546e-07,0.8524173027989822,True,0.2,500,
696,4338,Pulse wave reflection index,0.5,continuous-4195-both_sexes-irnt.tsv,10,3,3,8,8,0,2.303518747652303e-07,1.0,True,0.2,500,
697,4338,Pulse wave reflection index,1.0,continuous-4195-both_sexes-irnt.tsv,8,4,0,7,8,0,3.673909723861665e-07,0.875,True,0.2,500,
698,4338,Pulse wave reflection index,1.5,continuous-4195-both_sexes-irnt.tsv,9,4,0,7,8,0,4.841634593126436e-07,0.875,True,0.2,500,
699,4338,Pulse wave reflection index,2.0,continuous-4195-both_sexes-irnt.tsv,8,5,0,7,8,0,5.919916522316694e-07,0.875,True,0.2,500,
700,4338,Pulse wave reflection index,2.5,continuous-4195-both_sexes-irnt.tsv,9,5,0,7,8,0,6.941132482225318e-07,0.875,True,0.2,500,
701,4338,Pulse wave reflection index,3.0,continuous-4195-both_sexes-irnt.tsv,9,5,0,7,8,0,7.928903657171855e-07,0.875,True,0.2,500,
702,4385,3mm weak meridian (left),0.5,continuous-5096-both_sexes-irnt.tsv,388,87,133,423,446,36,2.36066254928202e-07,0.9484304932735426,True,0.2,500,
703,4385,3mm weak meridian (left),1.0,continuous-5096-both_sexes-irnt.tsv,359,117,87,403,446,36,3.930484556250018e-07,0.9035874439461884,True,0.2,500,
704,4385,3mm weak meridian (left),1.5,continuous-5096-both_sexes-irnt.tsv,332,136,65,387,446,36,5.357444527823818e-07,0.8677130044843049,True,0.2,500,
705,4385,3mm weak meridian (left),2.0,continuous-5096-both_sexes-irnt.tsv,327,148,60,371,446,36,6.69718476066361e-07,0.8318385650224215,True,0.2,500,
706,4385,3mm weak meridian (left),2.5,continuous-5096-both_sexes-irnt.tsv,320,163,53,368,446,36,7.951014202901493e-07,0.8251121076233184,True,0.2,500,
707,4385,3mm weak meridian (left),3.0,continuous-5096-both_sexes-irnt.tsv,305,168,51,357,446,36,9.115415771923392e-07,0.8004484304932735,True,0.2,500,
708,4406,3mm cylindrical power (right),0.5,continuous-5116-both_sexes-irnt.tsv,13,2,2,10,12,1,2.249951091008071e-07,0.8333333333333334,True,0.2,500,
709,4406,3mm cylindrical power (right),1.0,continuous-5116-both_sexes-irnt.tsv,12,4,2,10,12,1,3.537333605529312e-07,0.8333333333333334,True,0.2,500,
710,4406,3mm cylindrical power (right),1.5,continuous-5116-both_sexes-irnt.tsv,12,7,1,9,12,1,4.6416813102473453e-07,0.75,True,0.2,500,
711,4406,3mm cylindrical power (right),2.0,continuous-5116-both_sexes-irnt.tsv,12,7,1,9,12,1,5.724657612346348e-07,0.75,True,0.2,500,
712,4406,3mm cylindrical power (right),2.5,continuous-5116-both_sexes-irnt.tsv,11,8,1,8,12,1,6.819964036607773e-07,0.6666666666666666,True,0.2,500,
713,4406,3mm cylindrical power (right),3.0,continuous-5116-both_sexes-irnt.tsv,12,9,1,8,12,1,7.923623125064496e-07,0.6666666666666666,True,0.2,500,
714,4430,Corneal resistance factor (right),0.5,continuous-5257-both_sexes-irnt.tsv,272,61,80,294,307,23,2.2499970557035046e-07,0.9576547231270358,True,0.2,500,
715,4430,Corneal resistance factor (right),1.0,continuous-5257-both_sexes-irnt.tsv,239,74,53,284,307,23,3.537442442098874e-07,0.9250814332247556,True,0.2,500,
716,4430,Corneal resistance factor (right),1.5,continuous-5257-both_sexes-irnt.tsv,222,85,43,281,307,23,4.6418053600794083e-07,0.9153094462540716,True,0.2,500,
717,4430,Corneal resistance factor (right),2.0,continuous-5257-both_sexes-irnt.tsv,204,94,34,271,307,23,5.724859691090173e-07,0.8827361563517915,True,0.2,500,
718,4430,Corneal resistance factor (right),2.5,continuous-5257-both_sexes-irnt.tsv,196,99,31,261,307,23,6.820145685803818e-07,0.8501628664495114,True,0.2,500,
719,4430,Corneal resistance factor (right),3.0,continuous-5257-both_sexes-irnt.tsv,185,102,28,257,307,23,7.923792630089233e-07,0.8371335504885994,True,0.2,500,
720,4451,Number in household,0.5,,,,,,,,,,,,,
721,4451,Number in household,1.0,,,,,,,,,,,,,
722,4451,Number in household,1.5,,,,,,,,,,,,,
723,4451,Number in household,2.0,,,,,,,,,,,,,
724,4451,Number in household,2.5,,,,,,,,,,,,,
725,4451,Number in household,3.0,,,,,,,,,,,,,
726,4452,Number of vehicles in household,0.5,,,,,,,,,,,,,
727,4452,Number of vehicles in household,1.0,,,,,,,,,,,,,
728,4452,Number of vehicles in household,1.5,,,,,,,,,,,,,
729,4452,Number of vehicles in household,2.0,,,,,,,,,,,,,
730,4452,Number of vehicles in household,2.5,,,,,,,,,,,,,
731,4452,Number of vehicles in household,3.0,,,,,,,,,,,,,
732,4453,Average total household income before tax,0.5,,,,,,,,,,,,,
733,4453,Average total household income before tax,1.0,,,,,,,,,,,,,
734,4453,Average total household income before tax,1.5,,,,,,,,,,,,,
735,4453,Average total household income before tax,2.0,,,,,,,,,,,,,
736,4453,Average total household income before tax,2.5,,,,,,,,,,,,,
737,4453,Average total household income before tax,3.0,,,,,,,,,,,,,
738,4460,Job involves heavy manual or physical work,0.5,continuous-816-both_sexes.tsv,24,7,4,22,30,2,2.653241818390263e-07,0.7333333333333333,True,0.2,500,
739,4460,Job involves heavy manual or physical work,1.0,continuous-816-both_sexes.tsv,24,11,2,17,30,2,4.252198441565762e-07,0.5666666666666667,True,0.2,500,
740,4460,Job involves heavy manual or physical work,1.5,continuous-816-both_sexes.tsv,21,11,2,14,30,2,5.559782797413411e-07,0.4666666666666667,True,0.2,500,
741,4460,Job involves heavy manual or physical work,2.0,continuous-816-both_sexes.tsv,20,15,2,12,30,2,6.75078108261363e-07,0.4,True,0.2,500,
742,4460,Job involves heavy manual or physical work,2.5,continuous-816-both_sexes.tsv,20,15,2,13,30,2,7.864494066205488e-07,0.4333333333333333,True,0.2,500,
743,4460,Job involves heavy manual or physical work,3.0,continuous-816-both_sexes.tsv,19,15,2,12,30,2,8.915355498384098e-07,0.4,True,0.2,500,
744,4463,Age completed full time education,0.5,continuous-845-both_sexes.tsv,99,12,35,83,90,5,1.6419799478290276e-07,0.9222222222222224,True,0.2,500,
745,4463,Age completed full time education,1.0,continuous-845-both_sexes.tsv,88,20,15,73,90,5,2.7886010261404573e-07,0.8111111111111111,True,0.2,500,
746,4463,Age completed full time education,1.5,continuous-845-both_sexes.tsv,80,25,13,68,90,5,3.825000316897254e-07,0.7555555555555555,True,0.2,500,
747,4463,Age completed full time education,2.0,continuous-845-both_sexes.tsv,75,29,13,64,90,5,4.840562770082009e-07,0.7111111111111111,True,0.2,500,
748,4463,Age completed full time education,2.5,continuous-845-both_sexes.tsv,75,31,12,61,90,5,5.856125431618106e-07,0.6777777777777778,True,0.2,500,
749,4463,Age completed full time education,3.0,continuous-845-both_sexes.tsv,67,39,9,55,90,5,6.86521028066006e-07,0.6111111111111112,True,0.2,500,
750,4464,Number of days/week walked 10+ minutes,0.5,continuous-864-both_sexes.tsv,21,3,1,12,13,0,2.476581180285913e-07,0.9230769230769232,True,0.2,500,
751,4464,Number of days/week walked 10+ minutes,1.0,continuous-864-both_sexes.tsv,15,5,1,11,13,0,4.124951762673404e-07,0.8461538461538461,True,0.2,500,
752,4464,Number of days/week walked 10+ minutes,1.5,continuous-864-both_sexes.tsv,13,6,0,8,13,0,5.549891065997029e-07,0.6153846153846154,True,0.2,500,
753,4464,Number of days/week walked 10+ minutes,2.0,continuous-864-both_sexes.tsv,13,7,0,7,13,0,6.847352174455655e-07,0.5384615384615384,True,0.2,500,
754,4464,Number of days/week walked 10+ minutes,2.5,continuous-864-both_sexes.tsv,14,9,0,6,13,0,8.047288537516974e-07,0.4615384615384615,True,0.2,500,
755,4464,Number of days/week walked 10+ minutes,3.0,continuous-864-both_sexes.tsv,15,9,0,5,13,0,9.166134323406124e-07,0.3846153846153846,True,0.2,500,
756,4466,Duration of walks,0.5,continuous-874-both_sexes-irnt.tsv,15,5,4,10,11,1,1.6529290898717993e-07,0.9090909090909092,True,0.2,500,
757,4466,Duration of walks,1.0,continuous-874-both_sexes-irnt.tsv,13,5,3,9,11,1,2.722976267697018e-07,0.8181818181818182,True,0.2,500,
758,4466,Duration of walks,1.5,continuous-874-both_sexes-irnt.tsv,10,5,1,6,11,1,3.692515983894917e-07,0.5454545454545454,True,0.2,500,
759,4466,Duration of walks,2.0,continuous-874-both_sexes-irnt.tsv,10,6,1,5,11,1,4.625781862154069e-07,0.4545454545454545,True,0.2,500,
760,4466,Duration of walks,2.5,continuous-874-both_sexes-irnt.tsv,10,6,1,5,11,1,5.548076059554999e-07,0.4545454545454545,True,0.2,500,
761,4466,Duration of walks,3.0,continuous-874-both_sexes-irnt.tsv,11,8,1,5,11,1,6.46125146278775e-07,0.4545454545454545,True,0.2,500,
762,4469,Number of days/week of vigorous physical activity 10+ minutes,0.5,continuous-904-both_sexes.tsv,20,1,2,15,17,1,2.4004694545527975e-07,0.8823529411764706,True,0.2,500,
763,4469,Number of days/week of vigorous physical activity 10+ minutes,1.0,continuous-904-both_sexes.tsv,19,5,1,14,17,1,3.986808661566964e-07,0.8235294117647058,True,0.2,500,
764,4469,Number of days/week of vigorous physical activity 10+ minutes,1.5,continuous-904-both_sexes.tsv,16,8,1,12,17,1,5.292603590610501e-07,0.7058823529411765,True,0.2,500,
765,4469,Number of days/week of vigorous physical activity 10+ minutes,2.0,continuous-904-both_sexes.tsv,15,10,1,12,17,1,6.456009387121672e-07,0.7058823529411765,True,0.2,500,
766,4469,Number of days/week of vigorous physical activity 10+ minutes,2.5,continuous-904-both_sexes.tsv,15,12,1,12,17,1,7.529772164532908e-07,0.7058823529411765,True,0.2,500,
767,4469,Number of days/week of vigorous physical activity 10+ minutes,3.0,continuous-904-both_sexes.tsv,15,12,1,12,17,1,8.538042573381462e-07,0.7058823529411765,True,0.2,500,
768,4472,Usual walking pace,0.5,continuous-924-both_sexes.tsv,85,26,21,65,71,7,2.3611229730717947e-07,0.9154929577464788,True,0.2,500,
769,4472,Usual walking pace,1.0,continuous-924-both_sexes.tsv,78,39,10,53,71,7,3.930365745710775e-07,0.7464788732394366,True,0.2,500,
770,4472,Usual walking pace,1.5,continuous-924-both_sexes.tsv,79,46,9,50,71,7,5.358783826702373e-07,0.704225352112676,True,0.2,500,
771,4472,Usual walking pace,2.0,continuous-924-both_sexes.tsv,83,55,9,50,71,7,6.696636525960724e-07,0.704225352112676,True,0.2,500,
772,4472,Usual walking pace,2.5,continuous-924-both_sexes.tsv,85,61,9,50,71,7,7.95098258784615e-07,0.704225352112676,True,0.2,500,
773,4472,Usual walking pace,3.0,continuous-924-both_sexes.tsv,84,63,9,48,71,7,9.111988140075326e-07,0.676056338028169,True,0.2,500,
774,4475,Frequency of stair climbing in last 4 weeks,0.5,continuous-943-both_sexes.tsv,22,9,4,15,15,1,2.773217909325126e-07,1.0,True,0.2,500,
775,4475,Frequency of stair climbing in last 4 weeks,1.0,continuous-943-both_sexes.tsv,20,12,2,13,15,1,4.572010507735994e-07,0.8666666666666667,True,0.2,500,
776,4475,Frequency of stair climbing in last 4 weeks,1.5,continuous-943-both_sexes.tsv,20,13,2,12,15,1,6.033528250566564e-07,0.8,True,0.2,500,
777,4475,Frequency of stair climbing in last 4 weeks,2.0,continuous-943-both_sexes.tsv,19,13,2,12,15,1,7.327022408165743e-07,0.8,True,0.2,500,
778,4475,Frequency of stair climbing in last 4 weeks,2.5,continuous-943-both_sexes.tsv,18,13,2,12,15,1,8.514624074837757e-07,0.8,True,0.2,500,
779,4475,Frequency of stair climbing in last 4 weeks,3.0,continuous-943-both_sexes.tsv,19,14,2,12,15,1,9.590620832462389e-07,0.8,True,0.2,500,
780,4491,"LDL direct, adjusted by medication",0.5,continuous-LDLC-both_sexes-medadj_irnt.tsv,1693,336,761,2050,2090,181,1.846273704462735e-07,0.9808612440191388,True,0.2,500,
781,4491,"LDL direct, adjusted by medication",1.0,continuous-LDLC-both_sexes-medadj_irnt.tsv,1413,470,425,2016,2090,181,3.197920419918579e-07,0.9645933014354068,True,0.2,500,
782,4491,"LDL direct, adjusted by medication",1.5,continuous-LDLC-both_sexes-medadj_irnt.tsv,1278,560,341,1992,2090,181,4.466078067179009e-07,0.95311004784689,True,0.2,500,
783,4491,"LDL direct, adjusted by medication",2.0,continuous-LDLC-both_sexes-medadj_irnt.tsv,1178,618,287,1973,2090,181,5.686861793732893e-07,0.9440191387559808,True,0.2,500,
784,4491,"LDL direct, adjusted by medication",2.5,continuous-LDLC-both_sexes-medadj_irnt.tsv,1107,671,260,1955,2090,181,6.869312321719686e-07,0.9354066985645934,True,0.2,500,
785,4491,"LDL direct, adjusted by medication",3.0,continuous-LDLC-both_sexes-medadj_irnt.tsv,1073,703,234,1948,2090,181,8.003022859899853e-07,0.9320574162679426,True,0.2,500,
786,4504,"Mean arterial pressure, manual reading",0.5,continuous-MAP-both_sexes-manual_raw.tsv,1,1,1,1,2,1,3.064833957157303e-07,0.5,True,0.2,500,
787,4504,"Mean arterial pressure, manual reading",1.0,continuous-MAP-both_sexes-manual_raw.tsv,1,1,1,1,2,1,4.826226659688291e-07,0.5,True,0.2,500,
788,4504,"Mean arterial pressure, manual reading",1.5,continuous-MAP-both_sexes-manual_raw.tsv,1,1,1,1,2,1,6.233138250719944e-07,0.5,True,0.2,500,
789,4504,"Mean arterial pressure, manual reading",2.0,continuous-MAP-both_sexes-manual_raw.tsv,1,1,1,1,2,1,7.477997352085775e-07,0.5,True,0.2,500,
790,4504,"Mean arterial pressure, manual reading",2.5,continuous-MAP-both_sexes-manual_raw.tsv,1,1,1,1,2,1,8.6185652756269e-07,0.5,True,0.2,500,
791,4504,"Mean arterial pressure, manual reading",3.0,continuous-MAP-both_sexes-manual_raw.tsv,1,1,1,1,2,1,9.678557519807447e-07,0.5,True,0.2,500,
792,4506,Non-albumin protein,0.5,continuous-NAP-both_sexes-irnt.tsv,1794,328,761,1971,2019,167,2.0991388432347946e-07,0.976225854383358,True,0.2,500,
793,4506,Non-albumin protein,1.0,continuous-NAP-both_sexes-irnt.tsv,1586,446,481,1934,2019,167,3.33784287398982e-07,0.95789995047053,True,0.2,500,
794,4506,Non-albumin protein,1.5,continuous-NAP-both_sexes-irnt.tsv,1466,534,373,1914,2019,167,4.279479841144389e-07,0.9479940564635958,True,0.2,500,
795,4506,Non-albumin protein,2.0,continuous-NAP-both_sexes-irnt.tsv,1408,604,324,1898,2019,167,5.09419849469403e-07,0.9400693412580484,True,0.2,500,
796,4506,Non-albumin protein,2.5,continuous-NAP-both_sexes-irnt.tsv,1349,652,290,1884,2019,167,5.849564852389788e-07,0.9331352154531948,True,0.2,500,
797,4506,Non-albumin protein,3.0,continuous-NAP-both_sexes-irnt.tsv,1309,694,262,1875,2019,167,6.579850453369831e-07,0.9286775631500744,True,0.2,500,
798,4998,M16 Coxarthrosis [arthrosis of hip],0.5,icd10-M16-both_sexes.tsv,30,10,10,28,30,3,2.676271844368765e-07,0.9333333333333332,True,0.2,500,
799,4998,M16 Coxarthrosis [arthrosis of hip],1.0,icd10-M16-both_sexes.tsv,28,11,9,27,30,3,4.27244905905115e-07,0.9,True,0.2,500,
800,4998,M16 Coxarthrosis [arthrosis of hip],1.5,icd10-M16-both_sexes.tsv,28,13,8,27,30,3,5.523428799119167e-07,0.9,True,0.2,500,
801,4998,M16 Coxarthrosis [arthrosis of hip],2.0,icd10-M16-both_sexes.tsv,27,14,7,26,30,3,6.617371905705731e-07,0.8666666666666667,True,0.2,500,
802,4998,M16 Coxarthrosis [arthrosis of hip],2.5,icd10-M16-both_sexes.tsv,23,14,4,25,30,3,7.611144093857254e-07,0.8333333333333334,True,0.2,500,
803,4998,M16 Coxarthrosis [arthrosis of hip],3.0,icd10-M16-both_sexes.tsv,22,14,4,24,30,3,8.540633361417899e-07,0.8,True,0.2,500,
804,4999,M17 Gonarthrosis [arthrosis of knee],0.5,icd10-M17-both_sexes.tsv,13,4,5,12,13,2,3.1278970847184525e-07,0.9230769230769232,True,0.2,500,
805,4999,M17 Gonarthrosis [arthrosis of knee],1.0,icd10-M17-both_sexes.tsv,15,7,4,12,13,2,4.890765557191508e-07,0.9230769230769232,True,0.2,500,
806,4999,M17 Gonarthrosis [arthrosis of knee],1.5,icd10-M17-both_sexes.tsv,13,8,3,12,13,2,6.274470146513259e-07,0.9230769230769232,True,0.2,500,
807,4999,M17 Gonarthrosis [arthrosis of knee],2.0,icd10-M17-both_sexes.tsv,12,8,3,10,13,2,7.490071772048536e-07,0.7692307692307693,True,0.2,500,
808,4999,M17 Gonarthrosis [arthrosis of knee],2.5,icd10-M17-both_sexes.tsv,12,8,3,10,13,2,8.598060594100653e-07,0.7692307692307693,True,0.2,500,
809,4999,M17 Gonarthrosis [arthrosis of knee],3.0,icd10-M17-both_sexes.tsv,12,9,3,10,13,2,9.621383819089435e-07,0.7692307692307693,True,0.2,500,
810,5160,R19 Other symptoms and signs involving the digestive system and abdomen,0.5,icd10-R19-both_sexes.tsv,0,0,0,0,0,0,1.7389361750699098e-07,1.0,True,0.2,500,
811,5160,R19 Other symptoms and signs involving the digestive system and abdomen,1.0,icd10-R19-both_sexes.tsv,0,0,0,0,0,0,2.884176904122712e-07,1.0,True,0.2,500,
812,5160,R19 Other symptoms and signs involving the digestive system and abdomen,1.5,icd10-R19-both_sexes.tsv,0,0,0,0,0,0,3.8309022427164933e-07,1.0,True,0.2,500,
813,5160,R19 Other symptoms and signs involving the digestive system and abdomen,2.0,icd10-R19-both_sexes.tsv,0,0,0,0,0,0,4.670690725693871e-07,1.0,True,0.2,500,
814,5160,R19 Other symptoms and signs involving the digestive system and abdomen,2.5,icd10-R19-both_sexes.tsv,0,0,0,0,0,0,5.461268012490237e-07,1.0,True,0.2,500,
815,5160,R19 Other symptoms and signs involving the digestive system and abdomen,3.0,icd10-R19-both_sexes.tsv,0,0,0,0,0,0,6.228080745538833e-07,1.0,True,0.2,500,
816,5814,Alcohol-related disorders,0.5,phecode-317-both_sexes.tsv,4,0,0,3,3,0,1.5884626130476241e-07,1.0,True,0.2,500,
817,5814,Alcohol-related disorders,1.0,phecode-317-both_sexes.tsv,1,0,0,3,3,0,2.718395816529325e-07,1.0,True,0.2,500,
818,5814,Alcohol-related disorders,1.5,phecode-317-both_sexes.tsv,0,0,0,0,3,0,3.777037458533056e-07,1.0,True,0.2,500,
819,5814,Alcohol-related disorders,2.0,phecode-317-both_sexes.tsv,0,0,0,0,3,0,4.80023732362095e-07,1.0,True,0.2,500,
820,5814,Alcohol-related disorders,2.5,phecode-317-both_sexes.tsv,0,0,0,0,3,0,5.805156133465923e-07,1.0,True,0.2,500,
821,5814,Alcohol-related disorders,3.0,phecode-317-both_sexes.tsv,0,0,0,0,3,0,6.793273376810039e-07,1.0,True,0.2,500,
822,5821,Sleep disorders,0.5,phecode-327-both_sexes.tsv,1,0,0,1,1,0,1.5673464259052573e-07,1.0,True,0.2,500,
823,5821,Sleep disorders,1.0,phecode-327-both_sexes.tsv,0,0,0,0,1,0,2.606713496930273e-07,1.0,True,0.2,500,
824,5821,Sleep disorders,1.5,phecode-327-both_sexes.tsv,1,0,0,1,1,0,3.504740356911531e-07,1.0,True,0.2,500,
825,5821,Sleep disorders,2.0,phecode-327-both_sexes.tsv,0,0,0,0,1,0,4.369373292753898e-07,1.0,True,0.2,500,
826,5821,Sleep disorders,2.5,phecode-327-both_sexes.tsv,0,0,0,0,1,0,5.241770282088266e-07,1.0,True,0.2,500,
827,5821,Sleep disorders,3.0,phecode-327-both_sexes.tsv,0,0,0,0,1,0,6.129015047003332e-07,1.0,True,0.2,500,
828,6102,Other disorders of circulatory system,0.5,phecode-459-both_sexes.tsv,10,3,3,13,15,2,2.1884152239715181e-07,0.8666666666666667,True,0.2,500,
829,6102,Other disorders of circulatory system,1.0,phecode-459-both_sexes.tsv,9,3,2,13,15,2,3.494243495401433e-07,0.8666666666666667,True,0.2,500,
830,6102,Other disorders of circulatory system,1.5,phecode-459-both_sexes.tsv,9,5,2,12,15,2,4.602480074288426e-07,0.8,True,0.2,500,
831,6102,Other disorders of circulatory system,2.0,phecode-459-both_sexes.tsv,8,5,2,12,15,2,5.621071243833276e-07,0.8,True,0.2,500,
832,6102,Other disorders of circulatory system,2.5,phecode-459-both_sexes.tsv,9,6,2,12,15,2,6.58762404460778e-07,0.8,True,0.2,500,
833,6102,Other disorders of circulatory system,3.0,phecode-459-both_sexes.tsv,8,6,2,12,15,2,7.514203076215833e-07,0.8,True,0.2,500,
834,6238,Diaphragmatic hernia,0.5,phecode-550.2-both_sexes.tsv,22,8,6,18,18,3,2.1496591612737065e-07,1.0,True,0.2,500,
835,6238,Diaphragmatic hernia,1.0,phecode-550.2-both_sexes.tsv,23,12,5,18,18,3,3.4447165569118734e-07,1.0,True,0.2,500,
836,6238,Diaphragmatic hernia,1.5,phecode-550.2-both_sexes.tsv,21,12,4,17,18,3,4.560366579150651e-07,0.9444444444444444,True,0.2,500,
837,6238,Diaphragmatic hernia,2.0,phecode-550.2-both_sexes.tsv,19,14,3,17,18,3,5.610560128603107e-07,0.9444444444444444,True,0.2,500,
838,6238,Diaphragmatic hernia,2.5,phecode-550.2-both_sexes.tsv,20,16,3,17,18,3,6.624446862960483e-07,0.9444444444444444,True,0.2,500,
839,6238,Diaphragmatic hernia,3.0,phecode-550.2-both_sexes.tsv,19,17,3,16,18,3,7.609731424176383e-07,0.8888888888888888,True,0.2,500,
840,6240,Umbilical hernia,0.5,phecode-550.4-both_sexes.tsv,6,0,2,8,9,0,2.291285703104831e-07,0.8888888888888888,True,0.2,500,
841,6240,Umbilical hernia,1.0,phecode-550.4-both_sexes.tsv,5,0,0,8,9,0,3.81277669408459e-07,0.8888888888888888,True,0.2,500,
842,6240,Umbilical hernia,1.5,phecode-550.4-both_sexes.tsv,6,2,0,8,9,0,5.156189025372017e-07,0.8888888888888888,True,0.2,500,
843,6240,Umbilical hernia,2.0,phecode-550.4-both_sexes.tsv,8,2,0,8,9,0,6.434936658197034e-07,0.8888888888888888,True,0.2,500,
844,6240,Umbilical hernia,2.5,phecode-550.4-both_sexes.tsv,8,3,0,8,9,0,7.67586594856894e-07,0.8888888888888888,True,0.2,500,
845,6240,Umbilical hernia,3.0,phecode-550.4-both_sexes.tsv,8,4,0,8,9,0,8.875835448823244e-07,0.8888888888888888,True,0.2,500,
846,6289,Cholelithiasis,0.5,phecode-574.1-both_sexes.tsv,48,16,26,56,57,10,1.6275551237103157e-07,0.9824561403508772,True,0.2,500,
847,6289,Cholelithiasis,1.0,phecode-574.1-both_sexes.tsv,44,21,17,54,57,10,2.789917816051899e-07,0.9473684210526316,True,0.2,500,
848,6289,Cholelithiasis,1.5,phecode-574.1-both_sexes.tsv,44,24,15,55,57,10,3.859545603910171e-07,0.9649122807017544,True,0.2,500,
849,6289,Cholelithiasis,2.0,phecode-574.1-both_sexes.tsv,40,26,12,54,57,10,4.870682296616855e-07,0.9473684210526316,True,0.2,500,
850,6289,Cholelithiasis,2.5,phecode-574.1-both_sexes.tsv,41,26,11,54,57,10,5.84819006076363e-07,0.9473684210526316,True,0.2,500,
851,6289,Cholelithiasis,3.0,phecode-574.1-both_sexes.tsv,42,27,11,51,57,10,6.797134696303278e-07,0.8947368421052632,True,0.2,500,
852,6345,Urinary calculus,0.5,phecode-594-both_sexes.tsv,19,0,13,17,17,0,1.6073974756976437e-07,1.0,True,0.2,500,
853,6345,Urinary calculus,1.0,phecode-594-both_sexes.tsv,15,2,8,15,17,0,2.7181622031362216e-07,0.8823529411764706,True,0.2,500,
854,6345,Urinary calculus,1.5,phecode-594-both_sexes.tsv,15,6,5,14,17,0,3.699711412639843e-07,0.8235294117647058,True,0.2,500,
855,6345,Urinary calculus,2.0,phecode-594-both_sexes.tsv,14,6,3,14,17,0,4.6768901862557275e-07,0.8235294117647058,True,0.2,500,
856,6345,Urinary calculus,2.5,phecode-594-both_sexes.tsv,14,6,3,14,17,0,5.69577572864307e-07,0.8235294117647058,True,0.2,500,
857,6345,Urinary calculus,3.0,phecode-594-both_sexes.tsv,14,6,3,14,17,0,6.762825723247617e-07,0.8235294117647058,True,0.2,500,
858,6549,Rheumatoid arthritis and other inflammatory polyarthropathies,0.5,phecode-714-both_sexes.tsv,96,20,26,118,122,9,3.049466974080964e-07,0.9672131147540984,True,0.2,500,
859,6549,Rheumatoid arthritis and other inflammatory polyarthropathies,1.0,phecode-714-both_sexes.tsv,83,27,20,118,122,9,4.816705875563731e-07,0.9672131147540984,True,0.2,500,
860,6549,Rheumatoid arthritis and other inflammatory polyarthropathies,1.5,phecode-714-both_sexes.tsv,81,37,11,119,122,9,6.108692250076692e-07,0.9754098360655736,True,0.2,500,
861,6549,Rheumatoid arthritis and other inflammatory polyarthropathies,2.0,phecode-714-both_sexes.tsv,77,46,9,117,122,9,7.165692316684902e-07,0.9590163934426228,True,0.2,500,
862,6549,Rheumatoid arthritis and other inflammatory polyarthropathies,2.5,phecode-714-both_sexes.tsv,71,48,9,117,122,9,8.085116435801097e-07,0.9590163934426228,True,0.2,500,
863,6549,Rheumatoid arthritis and other inflammatory polyarthropathies,3.0,phecode-714-both_sexes.tsv,68,50,8,117,122,9,8.916280658131293e-07,0.9590163934426228,True,0.2,500,
864,6671,Back pain,0.5,phecode-760-both_sexes.tsv,0,0,0,0,0,0,2.3611231235406407e-07,1.0,True,0.2,500,
865,6671,Back pain,1.0,phecode-760-both_sexes.tsv,0,0,0,0,0,0,3.930365996183793e-07,1.0,True,0.2,500,
866,6671,Back pain,1.5,phecode-760-both_sexes.tsv,0,0,0,0,0,0,5.358784168205137e-07,1.0,True,0.2,500,
867,6671,Back pain,2.0,phecode-760-both_sexes.tsv,1,1,0,0,0,0,6.696636952721711e-07,1.0,True,0.2,500,
868,6671,Back pain,2.5,phecode-760-both_sexes.tsv,1,1,0,0,0,0,7.950983094543678e-07,1.0,True,0.2,500,
869,6671,Back pain,3.0,phecode-760-both_sexes.tsv,1,1,0,0,0,0,9.111988720761022e-07,1.0,True,0.2,500,
870,6760,Poisoning by antibiotics,0.5,phecode-960-both_sexes.tsv,16,6,10,13,13,4,1.846274718083308e-07,1.0,True,0.2,500,
871,6760,Poisoning by antibiotics,1.0,phecode-960-both_sexes.tsv,14,7,8,13,13,4,3.19792237721165e-07,1.0,True,0.2,500,
872,6760,Poisoning by antibiotics,1.5,phecode-960-both_sexes.tsv,13,7,8,13,13,4,4.466080078780944e-07,1.0,True,0.2,500,
873,6760,Poisoning by antibiotics,2.0,phecode-960-both_sexes.tsv,13,8,6,13,13,4,5.686863470346443e-07,1.0,True,0.2,500,
874,6760,Poisoning by antibiotics,2.5,phecode-960-both_sexes.tsv,15,10,6,13,13,4,6.869313311672677e-07,1.0,True,0.2,500,
875,6760,Poisoning by antibiotics,3.0,phecode-960-both_sexes.tsv,15,10,6,13,13,4,8.003022856816448e-07,1.0,True,0.2,500,
876,6790,GABA agonist|sedative,0.5,prescriptions-GABA_agonist|sedative-both_sexes.tsv,0,0,0,0,0,0,1.633833108716354e-07,1.0,True,0.2,500,
877,6790,GABA agonist|sedative,1.0,prescriptions-GABA_agonist|sedative-both_sexes.tsv,0,0,0,0,0,0,2.7675879565454293e-07,1.0,True,0.2,500,
878,6790,GABA agonist|sedative,1.5,prescriptions-GABA_agonist|sedative-both_sexes.tsv,0,0,0,0,0,0,3.764966493087144e-07,1.0,True,0.2,500,
879,6790,GABA agonist|sedative,2.0,prescriptions-GABA_agonist|sedative-both_sexes.tsv,0,0,0,0,0,0,4.748778356658092e-07,1.0,True,0.2,500,
880,6790,GABA agonist|sedative,2.5,prescriptions-GABA_agonist|sedative-both_sexes.tsv,0,0,0,0,0,0,5.756330730577318e-07,1.0,True,0.2,500,
881,6790,GABA agonist|sedative,3.0,prescriptions-GABA_agonist|sedative-both_sexes.tsv,0,0,0,0,0,0,6.780683218267572e-07,1.0,True,0.2,500,
882,6825,amoxicillin/clavulanic acid,0.5,prescriptions-amoxicillin_clavulanic_acid-both_sexes.tsv,0,0,0,0,0,0,1.6892819694650245e-07,1.0,True,0.2,500,
883,6825,amoxicillin/clavulanic acid,1.0,prescriptions-amoxicillin_clavulanic_acid-both_sexes.tsv,0,0,0,0,0,0,2.800323294592471e-07,1.0,True,0.2,500,
884,6825,amoxicillin/clavulanic acid,1.5,prescriptions-amoxicillin_clavulanic_acid-both_sexes.tsv,1,0,0,0,0,0,3.724330538858485e-07,1.0,True,0.2,500,
885,6825,amoxicillin/clavulanic acid,2.0,prescriptions-amoxicillin_clavulanic_acid-both_sexes.tsv,1,0,0,0,0,0,4.578532059231162e-07,1.0,True,0.2,500,
886,6825,amoxicillin/clavulanic acid,2.5,prescriptions-amoxicillin_clavulanic_acid-both_sexes.tsv,1,0,0,0,0,0,5.409993945904797e-07,1.0,True,0.2,500,
887,6825,amoxicillin/clavulanic acid,3.0,prescriptions-amoxicillin_clavulanic_acid-both_sexes.tsv,0,0,0,0,0,0,6.23670488021634e-07,1.0,True,0.2,500,
888,6884,biguanides|diabetes,0.5,prescriptions-biguanides|diabetes-both_sexes.tsv,34,4,17,36,37,1,1.678048875427993e-07,0.972972972972973,True,0.2,500,
889,6884,biguanides|diabetes,1.0,prescriptions-biguanides|diabetes-both_sexes.tsv,31,5,9,33,37,1,2.808449596087157e-07,0.8918918918918919,True,0.2,500,
890,6884,biguanides|diabetes,1.5,prescriptions-biguanides|diabetes-both_sexes.tsv,26,5,7,31,37,1,3.779363587624357e-07,0.8378378378378378,True,0.2,500,
891,6884,biguanides|diabetes,2.0,prescriptions-biguanides|diabetes-both_sexes.tsv,24,5,4,28,37,1,4.678204535765287e-07,0.7567567567567568,True,0.2,500,
892,6884,biguanides|diabetes,2.5,prescriptions-biguanides|diabetes-both_sexes.tsv,22,6,3,25,37,1,5.555735178945967e-07,0.6756756756756757,True,0.2,500,
893,6884,biguanides|diabetes,3.0,prescriptions-biguanides|diabetes-both_sexes.tsv,18,6,2,24,37,1,6.430190531764581e-07,0.6486486486486487,True,0.2,500,
894,7043,latanoprost,0.5,,,,,,,,,,,,,
895,7043,latanoprost,1.0,,,,,,,,,,,,,
896,7043,latanoprost,1.5,,,,,,,,,,,,,
897,7043,latanoprost,2.0,,,,,,,,,,,,,
898,7043,latanoprost,2.5,,,,,,,,,,,,,
899,7043,latanoprost,3.0,,,,,,,,,,,,,
